"pf_ss_women_fgm","pf_ss_women_missing","pf_ss_women_inheritance_widows","pf_ss_women_inheritance_daughters","pf_ss_women_inheritance","pf_ss_women","pf_movement_women","hf_score","year","ef_score","country"
10,7.5,5,5,5,7.5,5,7.568140288,2016,7.54,"Albania"
10,7.5,0,0,0,5.833333333,5,5.135886055,2016,4.99,"Algeria"
10,10,5,5,5,8.333333333,10,5.640662182,2016,5.17,"Angola"
10,10,10,10,10,10,10,6.469847841,2016,4.84,"Argentina"
10,5,10,10,10,8.333333333,10,7.241401801,2016,7.57,"Armenia"
10,10,10,10,10,10,10,8.582219227,2016,7.98,"Australia"
10,10,10,10,10,10,10,8.4134742,2016,7.58,"Austria"
10,7.5,5,10,7.5,8.333333333,5,6.083276739,2016,6.49,"Azerbaijan"
10,8.33333333333333,3.33333333333333,3.33333333333333,3.33333333333333,7.222222222,6.66666666666667,7.397268923,2016,7.34,"Bahamas"
10,7.5,0,0,0,5.833333333,5,6.848034997,2016,7.56,"Bahrain"
10,7.5,0,0,0,5.833333333,5,5.801300179,2016,6.3,"Bangladesh"
10,8.33333333333333,3.33333333333333,3.33333333333333,3.33333333333333,7.222222222,6.66666666666667,7.068447232,2016,6.43,"Barbados"
10,10,10,10,10,10,10,6.144514082,2016,6.23,"Belarus"
10,10,10,10,10,10,10,8.153589293,2016,7.32,"Belgium"
10,10,10,10,10,10,10,7.145431918,2016,6.86,"Belize"
8.7,7.5,5,5,5,7.066666667,5,6.738488147,2016,5.98,"Benin"
10,7.5,5,5,5,7.5,10,6.810486407,2016,7.02,"Bhutan"
10,10,5,5,5,8.333333333,10,6.718385007,2016,6.23,"Bolivia"
10,10,5,5,5,8.333333333,10,7.230723572,2016,6.6,"Bosnia and Herzegovina"
10,7.5,5,5,5,7.5,5,7.153167226,2016,7.43,"Botswana"
10,10,5,5,5,8.333333333,10,6.207988703,2016,5.75,"Brazil"
5.29513054293791,2.09615097179765,0,0,0,0,0,5.796849859,2016,6.93,"Brunei Darussalam"
10,10,10,10,10,10,10,7.782769538,2016,7.41,"Bulgaria"
2.4,10,5,5,5,5.8,5,6.752669835,2016,6.05,"Burkina Faso"
10,7.5,5,0,2.5,6.666666667,5,5.167067213,2016,5.92,"Burundi"
10,10,10,10,10,10,10,7.204224143,2016,7.17,"Cambodia"
9.9,7.5,5,5,5,7.466666667,5,5.575387155,2016,5.82,"Cameroon"
10,10,10,10,10,10,10,8.565863321,2016,7.98,"Canada"
10,8.33333333333333,3.33333333333333,3.33333333333333,3.33333333333333,7.222222222,6.66666666666667,7.333291533,2016,6.68,"Cape Verde"
7.6,10,5,5,5,7.533333333,5,5.287816197,2016,5.11,"Central Afr. Rep."
5.6,10,0,0,0,5.2,5,5.474770535,2016,5.44,"Chad"
10,10,5,5,5,8.333333333,10,8.00801767,2016,7.8,"Chile"
10,2.5,5,5,5,5.833333333,10,5.905410169,2016,6.46,"China"
10,10,10,10,10,10,5,6.760756637,2016,6.5,"Colombia"
10,10,5,5,5,8.333333333,0,5.308628393,2016,5.67,"Congo, Dem. R."
10,10,10,5,7.5,9.166666667,5,5.898933847,2016,5.02,"Congo, Rep. Of"
10,10,10,10,10,10,10,7.857714484,2016,7.55,"Costa Rica"
6.4,7.5,5,5,5,6.3,10,6.531271024,2016,6,"Cote d'Ivoire"
10,10,10,10,10,10,10,7.708087876,2016,6.96,"Croatia"
10,10,10,10,10,10,10,8.112196958,2016,7.71,"Cyprus"
10,10,10,10,10,10,10,8.294880707,2016,7.56,"Czech Rep."
10,10,10,10,10,10,10,8.547819985,2016,7.77,"Denmark"
10,10,10,10,10,10,10,7.061287481,2016,7.18,"Dominican Rep."
10,10,10,10,10,10,10,6.80527768,2016,6.06,"Ecuador"
0.9,7.5,0,0,0,2.8,0,4.807276886,2016,5.72,"Egypt"
10,10,10,10,10,10,10,7.033950991,2016,7.15,"El Salvador"
10,10,10,10,10,10,10,8.436850609,2016,7.86,"Estonia"
2.6,10,5,5,5,5.866666667,10,5.397044971,2016,5.73,"Ethiopia"
10,7.5,5,5,5,7.5,10,7.291102197,2016,6.79,"Fiji"
10,10,10,10,10,10,10,8.472183958,2016,7.65,"Finland"
10,10,10,10,10,10,10,8.008401464,2016,7.25,"France"
10,7.5,10,5,7.5,8.333333333,0,5.577787611,2016,5.84,"Gabon"
2.4,10,0,0,0,4.133333333,5,6.321342351,2016,7.34,"Gambia, The"
10,7.5,5,5,5,7.5,10,7.798267753,2016,8.02,"Georgia"
10,10,10,10,10,10,10,8.462595689,2016,7.69,"Germany"
9.6,10,5,5,5,8.2,10,7.236088908,2016,6.6,"Ghana"
10,10,5,5,5,8.333333333,10,7.203384075,2016,6.46,"Greece"
10,10,10,10,10,10,10,7.094122991,2016,7.64,"Guatemala"
0.4,7.5,10,5,7.5,5.133333333,5,5.650600803,2016,5.93,"Guinea"
5,10,5,0,2.5,5.833333333,10,6.054860862,2016,5.25,"Guinea-Bissau"
10,10,10,10,10,10,10,6.675897936,2016,6.31,"Guyana"
10,10,5,5,5,8.333333333,10,6.847221294,2016,6.51,"Haiti"
10,10,5,5,5,8.333333333,5,6.723241298,2016,7.06,"Honduras"
10,7.5,5,10,7.5,8.333333333,10,8.776839796,2016,8.97,"Hong Kong"
10,10,10,10,10,10,10,7.739472887,2016,7.22,"Hungary"
10,10,10,10,10,10,10,8.151753108,2016,7.22,"Iceland"
10,5,5,5,5,6.666666667,10,6.412935668,2016,6.63,"India"
10,7.5,5,5,5,7.5,5,6.77065623,2016,7.16,"Indonesia"
10,7.5,0,0,0,5.833333333,0,5.281224623,2016,6.03,"Iran"
10,7.5,0,0,0,5.833333333,0,4.25801381,2016,5.4,"Iraq"
10,10,10,10,10,10,10,8.504564702,2016,8.07,"Ireland"
10,10,10,10,10,10,5,7.517458071,2016,7.49,"Israel"
10,10,10,10,10,10,10,7.980223159,2016,7.27,"Italy"
10,10,10,10,10,10,5,7.224208046,2016,7.18,"Jamaica"
10,7.5,10,10,10,9.166666667,10,8.101885275,2016,7.47,"Japan"
10,7.5,0,0,0,5.833333333,5,6.849333258,2016,7.46,"Jordan"
10,10,10,10,10,10,5,6.742837772,2016,7.11,"Kazakhstan"
7.3,7.5,5,5,5,6.6,10,6.822768345,2016,7.2,"Kenya"
10,7.5,10,10,10,9.166666667,10,8.148174929,2016,7.53,"Korea, South"
10,7.5,0,0,0,5.833333333,5,6.190287237,2016,6.75,"Kuwait"
10,10,5,5,5,8.333333333,5,6.588506477,2016,6.93,"Kyrgyz Republic"
10,10,5,5,5,8.333333333,5,6.386793085,2016,6.91,"Laos"
10,10,10,10,10,10,10,8.245534042,2016,7.64,"Latvia"
10,10,0,0,0,6.666666667,5,6.70999709,2016,6.99,"Lebanon"
10,7.5,5,5,5,7.5,10,6.53422198,2016,6.38,"Lesotho"
4.2,10,5,5,5,6.4,5,6.481700872,2016,6.56,"Liberia"
10,7.5,0,0,0,5.833333333,5,4.310282812,2016,4.74,"Libya"
10,10,10,10,10,10,10,8.340669463,2016,7.86,"Lithuania"
10,10,10,10,10,10,10,8.428700911,2016,7.6,"Luxembourg"
10,7.5,5,5,5,7.5,10,7.271829012,2016,7.13,"Macedonia"
10,10,5,5,5,8.333333333,10,6.512561755,2016,6.19,"Madagascar"
10,7.5,5,5,5,7.5,5,6.652606805,2016,5.86,"Malawi"
10,10,0,0,0,6.666666667,5,6.411489977,2016,6.92,"Malaysia"
1.1,7.5,5,5,5,4.533333333,5,5.930464736,2016,5.8,"Mali"
10,10,10,10,10,10,10,8.353998731,2016,7.73,"Malta"
2.8,7.5,0,0,0,3.433333333,10,5.473874888,2016,5.96,"Mauritania"
10,10,5,5,5,8.333333333,10,7.863732816,2016,8.01,"Mauritius"
10,10,5,5,5,8.333333333,10,6.848010198,2016,6.9,"Mexico"
10,10,5,5,5,8.333333333,10,6.849514762,2016,6.64,"Moldova"
10,10,10,10,10,10,10,7.699156277,2016,7.4,"Mongolia"
10,8.33333333333333,3.33333333333333,3.33333333333333,3.33333333333333,7.222222222,6.66666666666667,7.335052066,2016,7.04,"Montenegro"
10,10,0,0,0,6.666666667,10,6.178378256,2016,6.37,"Morocco"
10,10,5,5,5,8.333333333,5,6.079603322,2016,5.5,"Mozambique"
10,10,0,5,2.5,7.5,5,5.441680434,2016,5.42,"Myanmar"
10,10,5,5,5,8.333333333,10,6.897457751,2016,6.4,"Namibia"
10,7.5,10,10,10,9.166666667,5,6.720805695,2016,6.53,"Nepal"
10,10,10,10,10,10,10,8.55442118,2016,7.71,"Netherlands"
10,10,10,10,10,10,10,8.887409579,2016,8.49,"New Zealand"
10,10,5,5,5,8.333333333,5,6.851247363,2016,7.27,"Nicaragua"
9.8,7.5,0,0,0,5.766666667,0,5.862260048,2016,6.01,"Niger"
7,7.5,0,0,0,4.833333333,5,6.071808603,2016,6.32,"Nigeria"
10,10,10,10,10,10,10,8.471240566,2016,7.6,"Norway"
10,7.5,0,0,0,5.833333333,0,6.134527607,2016,6.76,"Oman"
10,5,0,0,0,5,5,5.662296224,2016,6,"Pakistan"
10,10,10,10,10,10,10,7.647620037,2016,7.58,"Panama"
10,7.5,5,5,5,7.5,10,6.752474408,2016,6.25,"Pap. New Guinea"
10,10,5,5,5,8.333333333,10,6.962299094,2016,6.95,"Paraguay"
10,10,5,5,5,8.333333333,10,7.575393347,2016,7.43,"Peru"
10,10,5,5,5,8.333333333,5,6.918763347,2016,7.34,"Philippines"
10,10,10,10,10,10,10,7.811560227,2016,7.27,"Poland"
10,10,10,10,10,10,10,8.276856122,2016,7.51,"Portugal"
10,7.5,0,0,0,5.833333333,0,6.507776488,2016,7.49,"Qatar"
10,10,10,10,10,10,10,8.171616249,2016,7.69,"Romania"
10,10,10,10,10,10,10,6.272190833,2016,6.83,"Russia"
10,10,5,5,5,8.333333333,5,6.973869526,2016,7.48,"Rwanda"
10,5,0,0,0,5,0,5.479366035,2016,6.52,"Saudi Arabia"
7.4,10,5,5,5,7.466666667,5,6.497093885,2016,6.22,"Senegal"
10,10,5,10,7.5,9.166666667,10,7.348971626,2016,6.85,"Serbia"
10,8.33333333333333,3.33333333333333,3.33333333333333,3.33333333333333,7.222222222,6.66666666666667,7.301262168,2016,7.23,"Seychelles"
1.2,10,5,5,5,5.4,5,6.397329576,2016,5.75,"Sierra Leone"
10,10,5,5,5,8.333333333,10,8.159711817,2016,8.84,"Singapore"
10,10,10,10,10,10,10,7.918249946,2016,7.3,"Slovak Rep."
10,10,10,10,10,10,10,7.936395733,2016,7.05,"Slovenia"
10,7.5,10,10,10,9.166666667,10,7.172571807,2016,6.65,"South Africa"
10,10,5,10,7.5,9.166666667,10,8.159106882,2016,7.56,"Spain"
10,10,5,5,5,8.333333333,10,6.265360917,2016,6.49,"Sri Lanka"
1.2,10,0,0,0,3.733333333,0,4.803023585,2016,5.36,"Sudan"
0.785765774793274,10,5,5,5,5,5,7.074281523,2016,6.36,"Suriname"
10,10,0,5,2.5,7.5,5,6.240164329,2016,6.46,"Swaziland"
10,10,10,10,10,10,10,8.387375149,2016,7.44,"Sweden"
10,10,10,5,7.5,9.166666667,10,8.78775905,2016,8.39,"Switzerland"
10,7.5,0,0,0,5.833333333,0,3.765826877,2016,5.02,"Syria"
10,10,10,10,10,10,10,8.465697018,2016,7.89,"Taiwan"
10,10,5,5,5,8.333333333,10,6.18616229,2016,6.72,"Tajikistan"
8.5,7.5,0,0,0,5.333333333,5,6.523209346,2016,6.92,"Tanzania"
10,10,5,5,5,8.333333333,10,6.624781301,2016,6.85,"Thailand"
10,7.5,5,5,5,7.5,0,6.368224813,2016,6.55,"Timor-Leste"
9.6,10,5,5,5,8.2,10,6.274969005,2016,5.82,"Togo"
10,10,5,5,5,8.333333333,10,6.825223194,2016,6.73,"Trinidad and Tobago"
10,7.5,0,0,0,5.833333333,5,6.433736122,2016,6.29,"Tunisia"
10,10,10,10,10,10,10,6.466232654,2016,6.84,"Turkey"
9.9,7.5,5,5,5,7.466666667,5,6.769444547,2016,7.41,"Uganda"
10,7.5,10,10,10,9.166666667,10,6.283135204,2016,5.98,"Ukraine"
10,7.5,0,0,0,5.833333333,0,6.286675088,2016,7.5,"United Arab Emirates"
10,10,10,10,10,10,10,8.497917936,2016,8,"United Kingdom"
10,10,10,10,10,10,10,8.388655108,2016,8.03,"United States"
10,10,5,5,5,8.333333333,10,7.728070903,2016,7.16,"Uruguay"
10,10,10,10,10,10,10,4.200724456,2016,2.88,"Venezuela"
10,7.5,5,5,5,7.5,5,6.1940038,2016,6.42,"Vietnam"
6.2,7.5,0,0,0,4.566666667,0,4.25327767,2016,6.34,"Yemen, Rep."
9.9,7.5,5,5,5,7.466666667,5,6.308849428,2016,6.61,"Zambia"
10,7.5,5,5,5,7.5,10,5.615362787,2016,6.06,"Zimbabwe"
10,7.5,5,5,5,7.5,5,7.558539004,2015,7.53,"Albania"
10,7.5,0,0,0,5.833333333,5,5.082654926,2015,4.83,"Algeria"
10,10,5,5,5,8.333333333,10,5.78647914,2015,5.44,"Angola"
10,10,10,10,10,10,10,6.502547776,2015,4.98,"Argentina"
10,5,10,10,10,8.333333333,10,7.23088653,2015,7.59,"Armenia"
10,10,10,10,10,10,10,8.607372636,2015,8,"Australia"
10,10,10,10,10,10,10,8.509897141,2015,7.64,"Austria"
10,7.5,5,10,7.5,8.333333333,5,5.966188537,2015,6.38,"Azerbaijan"
10,8.33333333333333,3.33333333333333,3.33333333333333,3.33333333333333,7.222222222,6.66666666666667,7.426491282,2015,7.35,"Bahamas"
10,7.5,0,0,0,5.833333333,5,6.744450937,2015,7.37,"Bahrain"
10,7.5,0,0,0,5.833333333,5,5.811104429,2015,6.33,"Bangladesh"
10,8.33333333333333,3.33333333333333,3.33333333333333,3.33333333333333,7.222222222,6.66666666666667,7.160925615,2015,6.5,"Barbados"
10,10,10,10,10,10,10,8.307856586,2015,7.43,"Belgium"
10,10,10,10,10,10,10,6.952292025,2015,6.81,"Belize"
8.7,7.5,5,5,5,7.066666667,5,6.6808567,2015,5.78,"Benin"
10,7.5,5,5,5,7.5,10,6.886395462,2015,7.11,"Bhutan"
10,10,5,5,5,8.333333333,10,6.700965914,2015,6.05,"Bolivia"
10,10,5,5,5,8.333333333,10,7.316633356,2015,6.63,"Bosnia and Herzegovina"
10,7.5,5,5,5,7.5,5,7.070066166,2015,7.35,"Botswana"
10,10,5,5,5,8.333333333,10,6.227149845,2015,5.75,"Brazil"
5.29513054293791,2.09615097179765,0,0,0,0,0,5.689558005,2015,6.77,"Brunei Darussalam"
10,10,10,10,10,10,10,7.819202739,2015,7.4,"Bulgaria"
2.4,10,5,5,5,5.8,5,6.698857888,2015,6.03,"Burkina Faso"
10,7.5,5,0,2.5,6.666666667,5,5.055532591,2015,5.87,"Burundi"
10,10,10,10,10,10,10,7.257274211,2015,7.2,"Cambodia"
9.9,7.5,5,5,5,7.466666667,5,5.458969807,2015,5.79,"Cameroon"
10,10,10,10,10,10,10,8.520056022,2015,7.91,"Canada"
10,8.33333333333333,3.33333333333333,3.33333333333333,3.33333333333333,7.222222222,6.66666666666667,7.515902979,2015,6.67,"Cape Verde"
7.6,10,5,5,5,7.533333333,5,5.124578036,2015,4.63,"Central Afr. Rep."
5.6,10,0,0,0,5.2,5,5.432498247,2015,5.23,"Chad"
10,10,5,5,5,8.333333333,10,8.027501015,2015,7.79,"Chile"
10,2.5,5,5,5,5.833333333,10,5.882349969,2015,6.39,"China"
10,10,10,10,10,10,5,6.727887227,2015,6.55,"Colombia"
10,10,5,5,5,8.333333333,0,5.29980609,2015,5.78,"Congo, Dem. R."
10,10,10,5,7.5,9.166666667,5,5.836478103,2015,4.81,"Congo, Rep. Of"
10,10,10,10,10,10,10,7.882654156,2015,7.51,"Costa Rica"
6.4,7.5,5,5,5,6.3,10,6.441134794,2015,5.93,"Cote d'Ivoire"
10,10,10,10,10,10,10,7.780960107,2015,7.04,"Croatia"
10,10,10,10,10,10,10,8.179577076,2015,7.69,"Cyprus"
10,10,10,10,10,10,10,8.264353336,2015,7.49,"Czech Rep."
10,10,10,10,10,10,10,8.543022951,2015,7.75,"Denmark"
10,10,10,10,10,10,10,7.131683786,2015,7.24,"Dominican Rep."
10,10,10,10,10,10,10,6.771338651,2015,6.09,"Ecuador"
0.9,7.5,0,0,0,2.8,0,4.811136075,2015,5.77,"Egypt"
10,10,10,10,10,10,10,7.12998588,2015,7.14,"El Salvador"
10,10,10,10,10,10,10,8.446540136,2015,7.93,"Estonia"
2.6,10,5,5,5,5.866666667,10,5.35315865,2015,5.55,"Ethiopia"
10,7.5,5,5,5,7.5,10,7.260645345,2015,6.82,"Fiji"
10,10,10,10,10,10,10,8.55893467,2015,7.71,"Finland"
10,10,10,10,10,10,10,8.004390533,2015,7.35,"France"
10,7.5,10,5,7.5,8.333333333,0,5.549342511,2015,5.78,"Gabon"
2.4,10,0,0,0,4.133333333,5,6.340070895,2015,7.22,"Gambia, The"
10,7.5,5,5,5,7.5,10,7.878481138,2015,7.98,"Georgia"
10,10,10,10,10,10,10,8.480457213,2015,7.67,"Germany"
9.6,10,5,5,5,8.2,10,7.115640407,2015,6.52,"Ghana"
10,10,5,5,5,8.333333333,10,7.260917299,2015,6.45,"Greece"
10,10,10,10,10,10,10,7.110302443,2015,7.69,"Guatemala"
0.4,7.5,10,5,7.5,5.133333333,5,5.650030838,2015,5.74,"Guinea"
5,10,5,0,2.5,5.833333333,10,6.205557796,2015,5.58,"Guinea-Bissau"
10,10,10,10,10,10,10,6.73478346,2015,6.52,"Guyana"
10,10,5,5,5,8.333333333,10,6.875493497,2015,6.54,"Haiti"
10,10,5,5,5,8.333333333,5,6.873814613,2015,7.35,"Honduras"
10,7.5,5,10,7.5,8.333333333,10,8.857580854,2015,8.97,"Hong Kong"
10,10,10,10,10,10,10,7.816496842,2015,7.19,"Hungary"
10,10,10,10,10,10,10,8.199763632,2015,7.25,"Iceland"
10,5,5,5,5,6.666666667,10,6.407364322,2015,6.61,"India"
10,7.5,5,5,5,7.5,5,6.714059835,2015,7,"Indonesia"
10,7.5,0,0,0,5.833333333,0,4.946036881,2015,5.4,"Iran"
10,10,10,10,10,10,10,8.645524808,2015,8.25,"Ireland"
10,10,10,10,10,10,5,7.646338717,2015,7.47,"Israel"
10,10,10,10,10,10,10,8.013608012,2015,7.31,"Italy"
10,10,10,10,10,10,5,7.243405882,2015,7.25,"Jamaica"
10,7.5,10,10,10,9.166666667,10,8.083185043,2015,7.46,"Japan"
10,7.5,0,0,0,5.833333333,5,6.881636773,2015,7.47,"Jordan"
10,10,10,10,10,10,5,6.84099752,2015,7.26,"Kazakhstan"
7.3,7.5,5,5,5,6.6,10,6.716694558,2015,7.11,"Kenya"
10,7.5,10,10,10,9.166666667,10,8.173463506,2015,7.55,"Korea, South"
10,7.5,0,0,0,5.833333333,5,6.022684273,2015,6.59,"Kuwait"
10,10,5,5,5,8.333333333,5,6.51096085,2015,6.81,"Kyrgyz Republic"
10,10,5,5,5,8.333333333,5,6.443006919,2015,6.97,"Laos"
10,10,10,10,10,10,10,8.268126902,2015,7.72,"Latvia"
10,10,0,0,0,6.666666667,5,6.563954003,2015,7.01,"Lebanon"
10,7.5,5,5,5,7.5,10,6.585665574,2015,6.49,"Lesotho"
4.2,10,5,5,5,6.4,5,6.620194605,2015,6.87,"Liberia"
10,7.5,0,0,0,5.833333333,5,4.432118027,2015,4.89,"Libya"
10,10,10,10,10,10,10,8.349684134,2015,7.86,"Lithuania"
10,10,10,10,10,10,10,8.484667047,2015,7.64,"Luxembourg"
10,7.5,5,5,5,7.5,10,7.315449485,2015,7.16,"Macedonia"
10,10,5,5,5,8.333333333,10,6.597624796,2015,6.31,"Madagascar"
10,7.5,5,5,5,7.5,5,6.608428575,2015,5.76,"Malawi"
10,10,0,0,0,6.666666667,5,6.560067272,2015,7.15,"Malaysia"
1.1,7.5,5,5,5,4.533333333,5,5.895994521,2015,5.82,"Mali"
10,10,10,10,10,10,10,8.380703637,2015,7.72,"Malta"
2.8,7.5,0,0,0,3.433333333,10,5.370912595,2015,5.7,"Mauritania"
10,10,5,5,5,8.333333333,10,7.900516457,2015,8.02,"Mauritius"
10,10,5,5,5,8.333333333,10,6.896256348,2015,6.88,"Mexico"
10,10,5,5,5,8.333333333,10,6.835593974,2015,6.57,"Moldova"
10,10,10,10,10,10,10,7.70943627,2015,7.38,"Mongolia"
10,8.33333333333333,3.33333333333333,3.33333333333333,3.33333333333333,7.222222222,6.66666666666667,7.361486265,2015,6.74,"Montenegro"
10,10,0,0,0,6.666666667,10,6.170122642,2015,6.36,"Morocco"
10,10,5,5,5,8.333333333,5,6.204761382,2015,5.63,"Mozambique"
10,10,0,5,2.5,7.5,5,5.451370803,2015,5.32,"Myanmar"
10,10,5,5,5,8.333333333,10,6.970734633,2015,6.61,"Namibia"
10,7.5,10,10,10,9.166666667,5,6.725541224,2015,6.5,"Nepal"
10,10,10,10,10,10,10,8.548259045,2015,7.73,"Netherlands"
10,10,10,10,10,10,10,8.876890041,2015,8.48,"New Zealand"
10,10,5,5,5,8.333333333,5,6.81612606,2015,7.27,"Nicaragua"
9.8,7.5,0,0,0,5.766666667,0,5.672234987,2015,5.74,"Niger"
7,7.5,0,0,0,4.833333333,5,6.010441361,2015,6.39,"Nigeria"
10,10,10,10,10,10,10,8.519495858,2015,7.65,"Norway"
10,7.5,0,0,0,5.833333333,0,6.116406195,2015,6.64,"Oman"
10,5,0,0,0,5,5,5.612343569,2015,5.92,"Pakistan"
10,10,10,10,10,10,10,7.638484471,2015,7.57,"Panama"
10,7.5,5,5,5,7.5,10,6.682072282,2015,6.17,"Pap. New Guinea"
10,10,5,5,5,8.333333333,10,6.954961063,2015,6.91,"Paraguay"
10,10,5,5,5,8.333333333,10,7.615036554,2015,7.47,"Peru"
10,10,5,5,5,8.333333333,5,7.052764482,2015,7.43,"Philippines"
10,10,10,10,10,10,10,7.990384339,2015,7.36,"Poland"
10,10,10,10,10,10,10,8.295667819,2015,7.55,"Portugal"
10,7.5,0,0,0,5.833333333,0,6.512465295,2015,7.43,"Qatar"
10,10,10,10,10,10,10,8.207011317,2015,7.7,"Romania"
10,10,10,10,10,10,10,6.168259454,2015,6.65,"Russia"
10,10,5,5,5,8.333333333,5,7.055828428,2015,7.56,"Rwanda"
10,5,0,0,0,5,0,5.322203778,2015,6.24,"Saudi Arabia"
7.4,10,5,5,5,7.466666667,5,6.496133675,2015,6.15,"Senegal"
10,10,5,10,7.5,9.166666667,10,7.370479819,2015,6.76,"Serbia"
10,8.33333333333333,3.33333333333333,3.33333333333333,3.33333333333333,7.222222222,6.66666666666667,7.538074064,2015,7.33,"Seychelles"
1.2,10,5,5,5,5.4,5,6.478120071,2015,5.78,"Sierra Leone"
10,10,5,5,5,8.333333333,10,8.226765388,2015,8.84,"Singapore"
10,10,10,10,10,10,10,7.922490231,2015,7.24,"Slovak Rep."
10,10,10,10,10,10,10,8.017880322,2015,7.08,"Slovenia"
10,7.5,10,10,10,9.166666667,10,7.256591899,2015,6.84,"South Africa"
10,10,5,10,7.5,9.166666667,10,8.175966435,2015,7.53,"Spain"
10,10,5,5,5,8.333333333,10,6.333774971,2015,6.63,"Sri Lanka"
0.785765774793274,10,5,5,5,5,5,7.30020369,2015,6.85,"Suriname"
10,10,0,5,2.5,7.5,5,6.284964555,2015,6.44,"Swaziland"
10,10,10,10,10,10,10,8.484574296,2015,7.65,"Sweden"
10,10,10,5,7.5,9.166666667,10,8.814458178,2015,8.37,"Switzerland"
10,7.5,0,0,0,5.833333333,0,3.910826429,2015,4.96,"Syria"
10,10,10,10,10,10,10,8.40662716,2015,7.76,"Taiwan"
10,10,5,5,5,8.333333333,10,6.206025992,2015,6.65,"Tajikistan"
8.5,7.5,0,0,0,5.333333333,5,6.555737389,2015,6.92,"Tanzania"
10,10,5,5,5,8.333333333,10,6.626618128,2015,6.8,"Thailand"
10,7.5,5,5,5,7.5,0,6.10535483,2015,6.6,"Timor-Leste"
9.6,10,5,5,5,8.2,10,6.195466842,2015,5.69,"Togo"
10,10,5,5,5,8.333333333,10,6.75996737,2015,6.48,"Trinidad and Tobago"
10,7.5,0,0,0,5.833333333,5,6.46563917,2015,6.33,"Tunisia"
10,10,10,10,10,10,10,6.656816926,2015,6.84,"Turkey"
9.9,7.5,5,5,5,7.466666667,5,6.709794702,2015,7.3,"Uganda"
10,7.5,10,10,10,9.166666667,10,5.844351567,2015,5.4,"Ukraine"
10,7.5,0,0,0,5.833333333,0,6.275227501,2015,7.45,"United Arab Emirates"
10,10,10,10,10,10,10,8.528703805,2015,8.01,"United Kingdom"
10,10,10,10,10,10,10,8.378784993,2015,7.93,"United States"
10,10,5,5,5,8.333333333,10,7.770346829,2015,7.15,"Uruguay"
10,10,10,10,10,10,10,4.24174988,2015,2.96,"Venezuela"
10,7.5,5,5,5,7.5,5,6.157491413,2015,6.3,"Vietnam"
6.2,7.5,0,0,0,4.566666667,0,4.203442179,2015,6.07,"Yemen, Rep."
9.9,7.5,5,5,5,7.466666667,5,6.434490094,2015,6.74,"Zambia"
10,7.5,5,5,5,7.5,10,5.582639608,2015,6.01,"Zimbabwe"
10,7.5,5,5,5,7.5,5,7.61508284,2014,7.48,"Albania"
10,7.5,0,0,0,5.833333333,5,5.194328288,2014,5.01,"Algeria"
10,10,5,5,5,8.333333333,10,5.618964119,2014,5.13,"Angola"
10,10,10,10,10,10,10,6.207145103,2014,4.49,"Argentina"
10,5,10,10,10,8.333333333,10,7.307985965,2014,7.7,"Armenia"
10,10,10,10,10,10,10,8.672342139,2014,8.02,"Australia"
10,10,10,10,10,10,10,8.530127871,2014,7.68,"Austria"
10,7.5,5,10,7.5,8.333333333,5,6.11168378,2014,6.4,"Azerbaijan"
10,8.33333333333333,3.33333333333333,3.33333333333333,3.33333333333333,7.222222222,6.66666666666667,7.371080415,2014,7.32,"Bahamas"
10,7.5,0,0,0,5.833333333,5,6.674289284,2014,7.36,"Bahrain"
10,7.5,0,0,0,5.833333333,5,5.897130036,2014,6.3,"Bangladesh"
10,8.33333333333333,3.33333333333333,3.33333333333333,3.33333333333333,7.222222222,6.66666666666667,7.255031757,2014,6.63,"Barbados"
10,10,10,10,10,10,10,8.345543595,2014,7.59,"Belgium"
10,10,10,10,10,10,10,6.941909202,2014,6.9,"Belize"
8.7,7.5,5,5,5,7.066666667,5,6.751381491,2014,5.94,"Benin"
10,7.5,5,5,5,7.5,10,6.85646176,2014,6.99,"Bhutan"
10,10,5,5,5,8.333333333,10,6.77605832,2014,6.21,"Bolivia"
10,10,5,5,5,8.333333333,10,7.411478407,2014,6.78,"Bosnia and Herzegovina"
10,7.5,5,5,5,7.5,5,7.021225842,2014,7.24,"Botswana"
10,10,5,5,5,8.333333333,10,6.444999694,2014,5.93,"Brazil"
5.29513054293791,2.09615097179765,0,0,0,0,0,5.784087244,2014,6.89,"Brunei Darussalam"
10,10,10,10,10,10,10,7.848782998,2014,7.37,"Bulgaria"
2.4,10,5,5,5,5.8,5,6.66712846,2014,6.02,"Burkina Faso"
10,7.5,5,0,2.5,6.666666667,5,5.304037402,2014,5.97,"Burundi"
10,10,10,10,10,10,10,7.242739211,2014,7.16,"Cambodia"
9.9,7.5,5,5,5,7.466666667,5,5.721978614,2014,5.9,"Cameroon"
10,10,10,10,10,10,10,8.719552703,2014,8.22,"Canada"
10,8.33333333333333,3.33333333333333,3.33333333333333,3.33333333333333,7.222222222,6.66666666666667,7.283377261,2014,6.56,"Cape Verde"
7.6,10,5,5,5,7.533333333,5,5.306738505,2014,5.16,"Central Afr. Rep."
5.6,10,0,0,0,5.2,5,5.482045514,2014,4.97,"Chad"
10,10,5,5,5,8.333333333,10,8.017589149,2014,7.84,"Chile"
10,2.5,5,5,5,5.833333333,10,5.949879603,2014,6.38,"China"
10,10,10,10,10,10,5,6.763731861,2014,6.58,"Colombia"
10,10,5,5,5,8.333333333,0,5.028850291,2014,5.23,"Congo, Dem. R."
10,10,10,5,7.5,9.166666667,5,5.727710136,2014,4.69,"Congo, Rep. Of"
10,10,10,10,10,10,10,8.058857435,2014,7.5,"Costa Rica"
6.4,7.5,5,5,5,6.3,10,6.485539053,2014,6,"Cote d'Ivoire"
10,10,10,10,10,10,10,7.739444767,2014,7,"Croatia"
10,10,10,10,10,10,10,8.015890575,2014,7.33,"Cyprus"
10,10,10,10,10,10,10,8.239657228,2014,7.46,"Czech Rep."
10,10,10,10,10,10,10,8.607840268,2014,7.81,"Denmark"
10,10,10,10,10,10,10,7.27586445,2014,7.26,"Dominican Rep."
10,10,10,10,10,10,10,6.523791123,2014,5.66,"Ecuador"
0.9,7.5,0,0,0,2.8,0,5.040691235,2014,5.78,"Egypt"
10,10,10,10,10,10,10,7.4205824,2014,7.35,"El Salvador"
10,10,10,10,10,10,10,8.395252649,2014,7.79,"Estonia"
2.6,10,5,5,5,5.866666667,10,5.319690856,2014,5.46,"Ethiopia"
10,7.5,5,5,5,7.5,10,7.053694403,2014,6.63,"Fiji"
10,10,10,10,10,10,10,8.638352543,2014,7.79,"Finland"
10,10,10,10,10,10,10,8.147373177,2014,7.36,"France"
10,7.5,10,5,7.5,8.333333333,0,5.399618357,2014,5.57,"Gabon"
2.4,10,0,0,0,4.133333333,5,6.563964887,2014,7.35,"Gambia, The"
10,7.5,5,5,5,7.5,10,7.895940922,2014,8.02,"Georgia"
10,10,10,10,10,10,10,8.486199534,2014,7.67,"Germany"
9.6,10,5,5,5,8.2,10,7.14044982,2014,6.41,"Ghana"
10,10,5,5,5,8.333333333,10,7.47658543,2014,6.81,"Greece"
10,10,10,10,10,10,10,7.302367372,2014,7.65,"Guatemala"
0.4,7.5,10,5,7.5,5.133333333,5,5.494057416,2014,5.62,"Guinea"
5,10,5,0,2.5,5.833333333,10,6.00377922,2014,5.35,"Guinea-Bissau"
10,10,10,10,10,10,10,6.577630376,2014,6.21,"Guyana"
10,10,5,5,5,8.333333333,10,7.02700541,2014,6.58,"Haiti"
10,10,5,5,5,8.333333333,5,6.906581764,2014,7.26,"Honduras"
10,7.5,5,10,7.5,8.333333333,10,8.892455501,2014,9,"Hong Kong"
10,10,10,10,10,10,10,7.96364927,2014,7.36,"Hungary"
10,10,10,10,10,10,10,8.238316864,2014,7.23,"Iceland"
10,5,5,5,5,6.666666667,10,6.254944233,2014,6.23,"India"
10,7.5,5,5,5,7.5,5,6.709357777,2014,7.02,"Indonesia"
10,7.5,0,0,0,5.833333333,0,4.560685665,2014,4.89,"Iran"
10,10,10,10,10,10,10,8.457800101,2014,8.12,"Ireland"
10,10,10,10,10,10,5,7.455517243,2014,7.45,"Israel"
10,10,10,10,10,10,10,7.976814913,2014,7.25,"Italy"
10,10,10,10,10,10,5,7.24449911,2014,7.13,"Jamaica"
10,7.5,10,10,10,9.166666667,10,8.145721961,2014,7.52,"Japan"
10,7.5,0,0,0,5.833333333,5,6.919080803,2014,7.54,"Jordan"
10,10,10,10,10,10,5,6.849998709,2014,7.23,"Kazakhstan"
7.3,7.5,5,5,5,6.6,10,6.655763326,2014,7.1,"Kenya"
10,7.5,10,10,10,9.166666667,10,8.202720433,2014,7.55,"Korea, South"
10,7.5,0,0,0,5.833333333,5,6.262156082,2014,6.77,"Kuwait"
10,10,5,5,5,8.333333333,5,6.607284132,2014,6.96,"Kyrgyz Republic"
10,10,5,5,5,8.333333333,5,6.445993988,2014,6.92,"Laos"
10,10,10,10,10,10,10,8.260536935,2014,7.81,"Latvia"
10,10,0,0,0,6.666666667,5,6.577702609,2014,6.98,"Lebanon"
10,7.5,5,5,5,7.5,10,6.516615262,2014,6.47,"Lesotho"
4.2,10,5,5,5,6.4,5,6.818557168,2014,7.18,"Liberia"
10,7.5,0,0,0,5.833333333,5,4.51324798,2014,4.81,"Libya"
10,10,10,10,10,10,10,8.319542986,2014,7.91,"Lithuania"
10,10,10,10,10,10,10,8.571140484,2014,7.78,"Luxembourg"
10,7.5,5,5,5,7.5,10,7.192364741,2014,7.24,"Macedonia"
10,10,5,5,5,8.333333333,10,6.830610569,2014,6.44,"Madagascar"
10,7.5,5,5,5,7.5,5,6.674206119,2014,5.94,"Malawi"
10,10,0,0,0,6.666666667,5,6.469500551,2014,7.1,"Malaysia"
1.1,7.5,5,5,5,4.533333333,5,5.831699826,2014,5.81,"Mali"
10,10,10,10,10,10,10,8.335626768,2014,7.8,"Malta"
2.8,7.5,0,0,0,3.433333333,10,5.404587557,2014,5.68,"Mauritania"
10,10,5,5,5,8.333333333,10,7.932132829,2014,8.02,"Mauritius"
10,10,5,5,5,8.333333333,10,6.921105,2014,6.85,"Mexico"
10,10,5,5,5,8.333333333,10,6.88807564,2014,6.65,"Moldova"
10,10,10,10,10,10,10,7.708622609,2014,7.32,"Mongolia"
10,8.33333333333333,3.33333333333333,3.33333333333333,3.33333333333333,7.222222222,6.66666666666667,7.635718097,2014,7.17,"Montenegro"
10,10,0,0,0,6.666666667,10,6.183304314,2014,6.28,"Morocco"
10,10,5,5,5,8.333333333,5,6.229745353,2014,5.75,"Mozambique"
10,10,0,5,2.5,7.5,5,5.578475572,2014,5.36,"Myanmar"
10,10,5,5,5,8.333333333,10,7.004266114,2014,6.75,"Namibia"
10,7.5,10,10,10,9.166666667,5,6.768275228,2014,6.45,"Nepal"
10,10,10,10,10,10,10,8.475679069,2014,7.74,"Netherlands"
10,10,10,10,10,10,10,8.921385823,2014,8.48,"New Zealand"
10,10,5,5,5,8.333333333,5,6.974578122,2014,7.3,"Nicaragua"
9.8,7.5,0,0,0,5.766666667,0,5.834480682,2014,5.79,"Niger"
7,7.5,0,0,0,4.833333333,5,6.051684031,2014,6.38,"Nigeria"
10,10,10,10,10,10,10,8.573281905,2014,7.62,"Norway"
10,7.5,0,0,0,5.833333333,0,6.377978741,2014,7.05,"Oman"
10,5,0,0,0,5,5,5.46788881,2014,5.89,"Pakistan"
10,10,10,10,10,10,10,7.583917534,2014,7.48,"Panama"
10,7.5,5,5,5,7.5,10,6.615681343,2014,6.28,"Pap. New Guinea"
10,10,5,5,5,8.333333333,10,7.02518439,2014,6.87,"Paraguay"
10,10,5,5,5,8.333333333,10,7.547979889,2014,7.53,"Peru"
10,10,5,5,5,8.333333333,5,7.00402038,2014,7.4,"Philippines"
10,10,10,10,10,10,10,8.131661511,2014,7.43,"Poland"
10,10,10,10,10,10,10,8.314716719,2014,7.6,"Portugal"
10,7.5,0,0,0,5.833333333,0,6.682397717,2014,7.68,"Qatar"
10,10,10,10,10,10,10,8.321219197,2014,7.74,"Romania"
10,10,10,10,10,10,10,6.281298471,2014,6.59,"Russia"
10,10,5,5,5,8.333333333,5,6.9547868,2014,7.43,"Rwanda"
10,5,0,0,0,5,0,5.636533188,2014,6.55,"Saudi Arabia"
7.4,10,5,5,5,7.466666667,5,6.519865874,2014,6.23,"Senegal"
10,10,5,10,7.5,9.166666667,10,7.385024169,2014,6.71,"Serbia"
10,8.33333333333333,3.33333333333333,3.33333333333333,3.33333333333333,7.222222222,6.66666666666667,7.055370214,2014,7.46,"Seychelles"
1.2,10,5,5,5,5.4,5,6.643678445,2014,6,"Sierra Leone"
10,10,5,5,5,8.333333333,10,8.214531099,2014,8.84,"Singapore"
10,10,10,10,10,10,10,8.048419978,2014,7.44,"Slovak Rep."
10,10,10,10,10,10,10,7.973033439,2014,7.01,"Slovenia"
10,7.5,10,10,10,9.166666667,10,7.184779208,2014,6.87,"South Africa"
10,10,5,10,7.5,9.166666667,10,8.197268999,2014,7.45,"Spain"
10,10,5,5,5,8.333333333,10,6.167201332,2014,6.58,"Sri Lanka"
0.785765774793274,10,5,5,5,5,5,7.021839041,2014,6.78,"Suriname"
10,10,0,5,2.5,7.5,5,6.212136665,2014,6.47,"Swaziland"
10,10,10,10,10,10,10,8.436783012,2014,7.62,"Sweden"
10,10,10,5,7.5,9.166666667,10,8.806932103,2014,8.31,"Switzerland"
10,7.5,0,0,0,5.833333333,0,4.023595192,2014,4.97,"Syria"
10,10,10,10,10,10,10,8.272642583,2014,7.76,"Taiwan"
10,10,5,5,5,8.333333333,10,6.324275342,2014,6.68,"Tajikistan"
8.5,7.5,0,0,0,5.333333333,5,6.559965509,2014,6.76,"Tanzania"
10,10,5,5,5,8.333333333,10,6.593850658,2014,6.62,"Thailand"
10,7.5,5,5,5,7.5,0,6.497712223,2014,6.68,"Timor-Leste"
9.6,10,5,5,5,8.2,10,6.230779139,2014,5.79,"Togo"
10,10,5,5,5,8.333333333,10,6.903894719,2014,6.75,"Trinidad and Tobago"
10,7.5,0,0,0,5.833333333,5,6.572693667,2014,6.48,"Tunisia"
10,10,10,10,10,10,10,6.756150866,2014,6.87,"Turkey"
9.9,7.5,5,5,5,7.466666667,5,6.734945809,2014,7.31,"Uganda"
10,7.5,10,10,10,9.166666667,10,6.035198839,2014,5.91,"Ukraine"
10,7.5,0,0,0,5.833333333,0,6.41928645,2014,7.56,"United Arab Emirates"
10,10,10,10,10,10,10,8.532902597,2014,7.91,"United Kingdom"
10,10,10,10,10,10,10,8.330284961,2014,7.81,"United States"
10,10,5,5,5,8.333333333,10,7.736980347,2014,7.14,"Uruguay"
10,10,10,10,10,10,10,4.573730018,2014,3.28,"Venezuela"
10,7.5,5,5,5,7.5,5,6.17034097,2014,6.32,"Vietnam"
6.2,7.5,0,0,0,4.566666667,0,4.629534556,2014,6.74,"Yemen, Rep."
9.9,7.5,5,5,5,7.466666667,5,6.331481934,2014,6.99,"Zambia"
10,7.5,5,5,5,7.5,10,5.467682725,2014,5.63,"Zimbabwe"
10,7.5,5,5,5,7.5,5,7.389596629,2013,7.27,"Albania"
10,7.5,0,0,0,5.833333333,5,5.093420924,2013,5.04,"Algeria"
10,10,5,5,5,8.333333333,10,5.994838944,2013,5.25,"Angola"
10,10,10,10,10,10,10,6.570844416,2013,4.88,"Argentina"
10,5,10,10,10,8.333333333,10,7.396940279,2013,7.69,"Armenia"
10,10,10,10,10,10,10,8.543665621,2013,7.92,"Australia"
10,10,10,10,10,10,10,8.475109458,2013,7.63,"Austria"
10,7.5,5,10,7.5,8.333333333,5,6.086469972,2013,6.2,"Azerbaijan"
10,8.33333333333333,3.33333333333333,3.33333333333333,3.33333333333333,7.222222222,6.66666666666667,7.373848881,2013,7.33,"Bahamas"
10,7.5,0,0,0,5.833333333,5,6.536132686,2013,7.33,"Bahrain"
10,7.5,0,0,0,5.833333333,5,5.831063894,2013,6.37,"Bangladesh"
10,8.33333333333333,3.33333333333333,3.33333333333333,3.33333333333333,7.222222222,6.66666666666667,7.29088558,2013,6.68,"Barbados"
10,10,10,10,10,10,10,8.205533362,2013,7.37,"Belgium"
10,10,10,10,10,10,10,7.085206605,2013,7.03,"Belize"
8.7,7.5,5,5,5,7.066666667,5,6.907810101,2013,6.44,"Benin"
10,7.5,5,5,5,7.5,10,6.874545558,2013,6.93,"Bhutan"
10,10,5,5,5,8.333333333,10,7.023938468,2013,6.4,"Bolivia"
10,10,5,5,5,8.333333333,10,7.311344346,2013,6.61,"Bosnia and Herzegovina"
10,7.5,5,5,5,7.5,5,6.893040234,2013,7.27,"Botswana"
10,10,5,5,5,8.333333333,10,6.727380646,2013,6.05,"Brazil"
5.29513054293791,2.09615097179765,0,0,0,0,0,6.345445169,2013,6.75,"Brunei Darussalam"
10,10,10,10,10,10,10,7.838760096,2013,7.33,"Bulgaria"
2.4,10,5,5,5,5.8,5,6.83022773,2013,5.96,"Burkina Faso"
10,7.5,5,0,2.5,6.666666667,5,6.158856358,2013,5.96,"Burundi"
10,10,10,10,10,10,10,7.181448812,2013,7.17,"Cambodia"
9.9,7.5,5,5,5,7.466666667,5,6.086251753,2013,5.95,"Cameroon"
10,10,10,10,10,10,10,8.627752135,2013,8.03,"Canada"
10,8.33333333333333,3.33333333333333,3.33333333333333,3.33333333333333,7.222222222,6.66666666666667,7.31329429,2013,6.62,"Cape Verde"
7.6,10,5,5,5,7.533333333,5,5.300176733,2013,5.71,"Central Afr. Rep."
5.6,10,0,0,0,5.2,5,5.275264041,2013,4.99,"Chad"
10,10,5,5,5,8.333333333,10,7.994037872,2013,7.88,"Chile"
10,2.5,5,5,5,5.833333333,10,6.063781107,2013,6.39,"China"
10,10,10,10,10,10,5,6.570410506,2013,6.67,"Colombia"
10,10,5,5,5,8.333333333,0,4.907996375,2013,5.36,"Congo, Dem. R."
10,10,10,5,7.5,9.166666667,5,5.664823086,2013,4.55,"Congo, Rep. Of"
10,10,10,10,10,10,10,7.856514418,2013,7.48,"Costa Rica"
6.4,7.5,5,5,5,6.3,10,6.290210514,2013,5.9,"Cote d'Ivoire"
10,10,10,10,10,10,10,7.690944065,2013,6.9,"Croatia"
10,10,10,10,10,10,10,7.852294126,2013,7.07,"Cyprus"
10,10,10,10,10,10,10,8.237574489,2013,7.37,"Czech Rep."
10,10,10,10,10,10,10,8.599675186,2013,7.68,"Denmark"
10,10,10,10,10,10,10,7.175953534,2013,7.24,"Dominican Rep."
10,10,10,10,10,10,10,6.753069585,2013,5.88,"Ecuador"
0.9,7.5,0,0,0,2.8,0,5.354584979,2013,6.01,"Egypt"
10,10,10,10,10,10,10,7.203558201,2013,7.2,"El Salvador"
10,10,10,10,10,10,10,8.335505593,2013,7.7,"Estonia"
2.6,10,5,5,5,5.866666667,10,5.693807144,2013,5.53,"Ethiopia"
10,7.5,5,5,5,7.5,10,6.862124216,2013,6.44,"Fiji"
10,10,10,10,10,10,10,8.578115342,2013,7.7,"Finland"
10,10,10,10,10,10,10,7.999735458,2013,7.23,"France"
10,7.5,10,5,7.5,8.333333333,0,5.80457318,2013,5.42,"Gabon"
2.4,10,0,0,0,4.133333333,5,6.624918938,2013,7.32,"Gambia, The"
10,7.5,5,5,5,7.5,10,7.814162819,2013,7.87,"Georgia"
10,10,10,10,10,10,10,8.440461275,2013,7.66,"Germany"
9.6,10,5,5,5,8.2,10,7.234067672,2013,6.55,"Ghana"
10,10,5,5,5,8.333333333,10,7.486946427,2013,6.88,"Greece"
10,10,10,10,10,10,10,7.138615991,2013,7.66,"Guatemala"
0.4,7.5,10,5,7.5,5.133333333,5,5.766187468,2013,5.65,"Guinea"
5,10,5,0,2.5,5.833333333,10,5.627785513,2013,5.07,"Guinea-Bissau"
10,10,10,10,10,10,10,6.836647963,2013,6.04,"Guyana"
10,10,5,5,5,8.333333333,10,6.739239279,2013,6.36,"Haiti"
10,10,5,5,5,8.333333333,5,6.542687941,2013,7.13,"Honduras"
10,7.5,5,10,7.5,8.333333333,10,8.971814738,2013,8.96,"Hong Kong"
10,10,10,10,10,10,10,7.948901968,2013,7.34,"Hungary"
10,10,10,10,10,10,10,8.134551314,2013,7.02,"Iceland"
10,5,5,5,5,6.666666667,10,6.662614273,2013,6.36,"India"
10,7.5,5,5,5,7.5,5,6.970870708,2013,7.01,"Indonesia"
10,7.5,0,0,0,5.833333333,0,4.563808631,2013,5.04,"Iran"
10,10,10,10,10,10,10,8.527786174,2013,8.04,"Ireland"
10,10,10,10,10,10,5,7.642391212,2013,7.42,"Israel"
10,10,10,10,10,10,10,7.975039793,2013,7.19,"Italy"
10,10,10,10,10,10,5,7.233387566,2013,7.3,"Jamaica"
10,7.5,10,10,10,9.166666667,10,8.196299861,2013,7.54,"Japan"
10,7.5,0,0,0,5.833333333,5,6.885037564,2013,7.65,"Jordan"
10,10,10,10,10,10,5,6.739074194,2013,7.13,"Kazakhstan"
7.3,7.5,5,5,5,6.6,10,6.734823136,2013,7.12,"Kenya"
10,7.5,10,10,10,9.166666667,10,8.013032637,2013,7.36,"Korea, South"
10,7.5,0,0,0,5.833333333,5,6.513792261,2013,6.84,"Kuwait"
10,10,5,5,5,8.333333333,5,6.452561362,2013,6.76,"Kyrgyz Republic"
10,10,10,10,10,10,10,8.216455527,2013,7.68,"Latvia"
10,10,0,0,0,6.666666667,5,6.517672236,2013,6.97,"Lebanon"
10,7.5,5,5,5,7.5,10,6.378167569,2013,6.32,"Lesotho"
10,7.5,0,0,0,5.833333333,5,4.887964895,2013,4.78,"Libya"
10,10,10,10,10,10,10,8.196107569,2013,7.72,"Lithuania"
10,10,10,10,10,10,10,8.399014538,2013,7.61,"Luxembourg"
10,7.5,5,5,5,7.5,10,7.566805756,2013,7.19,"Macedonia"
10,10,5,5,5,8.333333333,10,6.834334346,2013,6.6,"Madagascar"
10,7.5,5,5,5,7.5,5,6.716589367,2013,5.92,"Malawi"
10,10,0,0,0,6.666666667,5,6.602414736,2013,7.07,"Malaysia"
1.1,7.5,5,5,5,4.533333333,5,5.96247423,2013,5.95,"Mali"
10,10,10,10,10,10,10,8.295163383,2013,7.66,"Malta"
2.8,7.5,0,0,0,3.433333333,10,5.474042001,2013,5.6,"Mauritania"
10,10,5,5,5,8.333333333,10,8.231684245,2013,8.12,"Mauritius"
10,10,5,5,5,8.333333333,10,6.780395532,2013,6.77,"Mexico"
10,10,5,5,5,8.333333333,10,7.001998445,2013,6.55,"Moldova"
10,10,10,10,10,10,10,7.637595222,2013,7.17,"Mongolia"
10,8.33333333333333,3.33333333333333,3.33333333333333,3.33333333333333,7.222222222,6.66666666666667,7.565899596,2013,7.08,"Montenegro"
10,10,0,0,0,6.666666667,10,6.306908651,2013,6.37,"Morocco"
10,10,5,5,5,8.333333333,5,6.413641333,2013,5.78,"Mozambique"
10,10,0,5,2.5,7.5,5,5.190547615,2013,5.35,"Myanmar"
10,10,5,5,5,8.333333333,10,7.003490833,2013,6.63,"Namibia"
10,7.5,10,10,10,9.166666667,5,6.887385411,2013,6.36,"Nepal"
10,10,10,10,10,10,10,8.403018652,2013,7.62,"Netherlands"
10,10,10,10,10,10,10,8.868584618,2013,8.48,"New Zealand"
10,10,5,5,5,8.333333333,5,7.109560566,2013,7.34,"Nicaragua"
9.8,7.5,0,0,0,5.766666667,0,5.953385834,2013,5.69,"Niger"
7,7.5,0,0,0,4.833333333,5,5.917728298,2013,6.39,"Nigeria"
10,10,10,10,10,10,10,8.580084704,2013,7.6,"Norway"
10,7.5,0,0,0,5.833333333,0,6.386527607,2013,6.98,"Oman"
10,5,0,0,0,5,5,5.465421127,2013,6.14,"Pakistan"
10,10,10,10,10,10,10,7.549042273,2013,7.38,"Panama"
10,7.5,5,5,5,7.5,10,6.927972118,2013,6.96,"Pap. New Guinea"
10,10,5,5,5,8.333333333,10,7.119652068,2013,6.95,"Paraguay"
10,10,5,5,5,8.333333333,10,7.486565513,2013,7.52,"Peru"
10,10,5,5,5,8.333333333,5,6.803980179,2013,7.54,"Philippines"
10,10,10,10,10,10,10,8.070503364,2013,7.25,"Poland"
10,10,10,10,10,10,10,8.224702942,2013,7.52,"Portugal"
10,7.5,0,0,0,5.833333333,0,6.614741463,2013,7.54,"Qatar"
10,10,10,10,10,10,10,8.122809443,2013,7.63,"Romania"
10,10,10,10,10,10,10,6.444533638,2013,6.62,"Russia"
10,10,5,5,5,8.333333333,5,6.961369381,2013,7.4,"Rwanda"
10,5,0,0,0,5,0,5.45575957,2013,6.55,"Saudi Arabia"
7.4,10,5,5,5,7.466666667,5,6.46772135,2013,6.2,"Senegal"
10,10,5,10,7.5,9.166666667,10,7.153365327,2013,6.68,"Serbia"
10,8.33333333333333,3.33333333333333,3.33333333333333,3.33333333333333,7.222222222,6.66666666666667,7.026218,2013,7.24,"Seychelles"
1.2,10,5,5,5,5.4,5,6.249241889,2013,6.12,"Sierra Leone"
10,10,5,5,5,8.333333333,10,7.968492533,2013,8.64,"Singapore"
10,10,10,10,10,10,10,8.068592507,2013,7.38,"Slovak Rep."
10,10,10,10,10,10,10,7.83524065,2013,6.75,"Slovenia"
10,7.5,10,10,10,9.166666667,10,7.141938322,2013,7.08,"South Africa"
10,10,5,10,7.5,9.166666667,10,8.00589731,2013,7.35,"Spain"
10,10,5,5,5,8.333333333,10,6.237140224,2013,6.64,"Sri Lanka"
0.785765774793274,10,5,5,5,5,5,7.002772765,2013,6.72,"Suriname"
10,10,0,5,2.5,7.5,5,6.19978342,2013,6.56,"Swaziland"
10,10,10,10,10,10,10,8.355575869,2013,7.44,"Sweden"
10,10,10,5,7.5,9.166666667,10,8.715261916,2013,8.22,"Switzerland"
10,7.5,0,0,0,5.833333333,0,4.095028377,2013,4.07,"Syria"
10,10,10,10,10,10,10,8.199116539,2013,7.72,"Taiwan"
10,10,5,5,5,8.333333333,10,6.587587532,2013,6.55,"Tajikistan"
8.5,7.5,0,0,0,5.333333333,5,6.761207174,2013,6.85,"Tanzania"
10,10,5,5,5,8.333333333,10,6.745172748,2013,6.61,"Thailand"
10,7.5,5,5,5,7.5,0,6.567290733,2013,6.64,"Timor-Leste"
9.6,10,5,5,5,8.2,10,6.094975546,2013,6.25,"Togo"
10,10,5,5,5,8.333333333,10,6.917929584,2013,6.77,"Trinidad and Tobago"
10,7.5,0,0,0,5.833333333,5,6.138195195,2013,6.35,"Tunisia"
10,10,10,10,10,10,10,7.087987469,2013,6.86,"Turkey"
9.9,7.5,5,5,5,7.466666667,5,6.737992349,2013,7.38,"Uganda"
10,7.5,10,10,10,9.166666667,10,6.770634711,2013,6.05,"Ukraine"
10,7.5,0,0,0,5.833333333,0,6.458097287,2013,7.68,"United Arab Emirates"
10,10,10,10,10,10,10,8.512753587,2013,7.96,"United Kingdom"
10,10,10,10,10,10,10,8.187365735,2013,7.74,"United States"
10,10,5,5,5,8.333333333,10,7.876803413,2013,7.26,"Uruguay"
10,10,10,10,10,10,10,5.013857143,2013,3.32,"Venezuela"
10,7.5,5,5,5,7.5,5,6.309325436,2013,6.37,"Vietnam"
6.2,7.5,0,0,0,4.566666667,0,4.812704931,2013,6.33,"Yemen, Rep."
9.9,7.5,5,5,5,7.466666667,5,6.695434318,2013,6.95,"Zambia"
10,7.5,5,5,5,7.5,10,5.347534507,2013,5.3,"Zimbabwe"
10,7.5,10,5,7.5,8.333333333,5,7.435190912,2012,7.2,"Albania"
10,7.5,5,5,5,7.5,0,5.09740352,2012,4.95,"Algeria"
10,10,5,5,5,8.333333333,5,5.832180214,2012,5.28,"Angola"
10,10,10,10,10,10,10,6.569286678,2012,5.04,"Argentina"
10,7.5,10,10,10,9.166666667,10,7.559297684,2012,7.75,"Armenia"
9.5,10,10,10,10,9.833333333,10,8.557936388,2012,7.96,"Australia"
9.5,10,10,10,10,9.833333333,10,8.444271876,2012,7.62,"Austria"
10,7.5,5,5,5,7.5,5,6.160655707,2012,6.32,"Azerbaijan"
10,10,10,10,10,10,10,7.580937417,2012,7.31,"Bahamas"
10,7.5,0,0,0,5.833333333,5,6.589263747,2012,7.33,"Bahrain"
10,7.5,5,5,5,7.5,5,5.858958579,2012,6.24,"Bangladesh"
10,10,10,10,10,10,10,7.35360848,2012,6.67,"Barbados"
9.5,10,10,10,10,9.833333333,10,8.191890553,2012,7.35,"Belgium"
10,10,10,10,10,10,10,7.177577722,2012,7.13,"Belize"
8.7,10,0,5,2.5,7.066666667,5,6.421428196,2012,5.74,"Benin"
10,10,10,10,10,10,10,6.991255335,2012,6.38,"Bolivia"
10,10,5,5,5,8.333333333,10,7.332488524,2012,6.79,"Bosnia and Herzegovina"
10,10,5,5,5,8.333333333,5,6.829040234,2012,7.25,"Botswana"
10,10,5,10,7.5,9.166666667,10,6.830380013,2012,6.24,"Brazil"
9,10,0,0,0,6.333333333,10,6.830317257,2012,7.07,"Brunei Darussalam"
10,10,10,10,10,10,10,7.818330894,2012,7.37,"Bulgaria"
2.7,10,0,0,0,4.233333333,5,6.625860263,2012,5.81,"Burkina Faso"
10,10,0,0,0,6.666666667,5,5.623840794,2012,5.22,"Burundi"
10,10,10,10,10,10,10,7.131812758,2012,6.92,"Cambodia"
9.9,10,5,5,5,8.3,5,6.090272917,2012,6.05,"Cameroon"
9.5,10,10,10,10,9.833333333,10,8.598394011,2012,7.99,"Canada"
10,10,10,10,10,10,10,7.379235734,2012,6.56,"Cape Verde"
7.4,10,5,5,5,7.466666667,0,4.829056616,2012,4.93,"Central Afr. Rep."
5.5,10,0,0,0,5.166666667,5,5.13271564,2012,4.72,"Chad"
10,10,10,10,10,10,10,8.219910779,2012,7.81,"Chile"
10,2.5,5,5,5,5.833333333,10,6.003389743,2012,6.37,"China"
10,10,10,10,10,10,5,6.557821085,2012,6.72,"Colombia"
10,10,0,10,5,8.333333333,0,4.810664347,2012,5.2,"Congo, Dem. R."
9,10,0,5,2.5,7.166666667,5,5.334760515,2012,4.39,"Congo, Rep. Of"
10,10,10,10,10,10,10,7.890737866,2012,7.53,"Costa Rica"
6.4,10,5,5,5,7.133333333,5,5.955401992,2012,5.64,"Cote d'Ivoire"
10,10,10,10,10,10,10,7.676494353,2012,6.93,"Croatia"
10,10,10,10,10,10,10,7.988521521,2012,7.47,"Cyprus"
10,10,10,10,10,10,10,8.225202715,2012,7.42,"Czech Rep."
9.5,10,10,10,10,9.833333333,10,8.523583455,2012,7.56,"Denmark"
10,10,10,10,10,10,10,7.031471443,2012,7.03,"Dominican Rep."
10,10,10,10,10,10,10,6.681142972,2012,6.03,"Ecuador"
0.9,10,0,0,0,3.633333333,0,5.671286501,2012,6.14,"Egypt"
10,10,10,10,10,10,10,7.143169312,2012,7.09,"El Salvador"
10,10,10,10,10,10,10,8.323872463,2012,7.68,"Estonia"
2.6,10,5,5,5,5.866666667,5,5.543544649,2012,5.58,"Ethiopia"
10,10,5,5,5,8.333333333,10,7.09451287,2012,6.84,"Fiji"
10,10,10,10,10,10,10,8.625452254,2012,7.81,"Finland"
9.5,10,10,10,10,9.833333333,10,8.011116763,2012,7.27,"France"
10,10,0,0,0,6.666666667,0,5.73117123,2012,5.37,"Gabon"
2.2,10,0,0,0,4.066666667,10,6.475026831,2012,6.87,"Gambia, The"
10,7.5,5,5,5,7.5,5,7.564109702,2012,7.75,"Georgia"
9.5,10,10,10,10,9.833333333,10,8.42327019,2012,7.64,"Germany"
9.6,10,5,5,5,8.2,10,7.033530635,2012,6.44,"Ghana"
10,10,10,10,10,10,10,7.632771607,2012,6.67,"Greece"
10,10,10,10,10,10,10,6.996603784,2012,7.41,"Guatemala"
5.5,10,5,0,2.5,6,10,5.955378023,2012,5.96,"Guinea-Bissau"
10,10,10,10,10,10,10,7.006310031,2012,6.3,"Guyana"
10,10,5,5,5,8.333333333,10,6.524265734,2012,6,"Haiti"
10,10,5,10,7.5,9.166666667,5,6.518669423,2012,7.16,"Honduras"
10,7.5,10,10,10,9.166666667,10,8.999085668,2012,8.96,"Hong Kong"
9.5,10,10,10,10,9.833333333,10,7.929346172,2012,7.33,"Hungary"
10,10,10,10,10,10,10,8.105130958,2012,6.94,"Iceland"
10,2.5,5,5,5,5.833333333,10,6.87225727,2012,6.54,"India"
10,10,5,5,5,8.333333333,5,6.880625923,2012,6.84,"Indonesia"
10,7.5,5,0,2.5,6.666666667,0,4.44178272,2012,4.96,"Iran"
10,10,10,10,10,10,10,8.482832369,2012,7.98,"Ireland"
9.5,10,10,10,10,9.833333333,10,7.565425163,2012,7.36,"Israel"
9.5,10,10,10,10,9.833333333,10,7.972760961,2012,7.22,"Italy"
10,10,10,10,10,10,5,7.060265873,2012,7.14,"Jamaica"
10,10,10,10,10,10,10,8.273474936,2012,7.66,"Japan"
9.5,5,0,0,0,4.833333333,10,6.886891338,2012,7.56,"Jordan"
10,10,10,10,10,10,10,6.757831654,2012,7.14,"Kazakhstan"
7.3,10,5,5,5,7.433333333,10,6.717473009,2012,7.09,"Kenya"
10,10,10,10,10,10,10,8.0566705,2012,7.45,"Korea, South"
10,5,5,0,2.5,5.833333333,0,6.513549844,2012,6.93,"Kuwait"
10,10,5,5,5,8.333333333,5,6.469824906,2012,6.67,"Kyrgyz Republic"
10,10,10,10,10,10,10,8.141821962,2012,7.56,"Latvia"
10,10,5,5,5,8.333333333,5,6.667920968,2012,6.96,"Lebanon"
5,10,5,0,2.5,5.833333333,10,6.331657153,2012,6.19,"Lesotho"
10,10,10,10,10,10,10,8.101507526,2012,7.52,"Lithuania"
10,10,10,10,10,10,10,8.314570094,2012,7.46,"Luxembourg"
10,10,10,10,10,10,10,7.745664132,2012,7.23,"Macedonia"
10,10,0,0,0,6.666666667,10,6.745301029,2012,6.48,"Madagascar"
9.5,10,10,10,10,9.833333333,5,6.892474784,2012,6.18,"Malawi"
10,10,5,5,5,8.333333333,5,6.564180956,2012,6.85,"Malaysia"
1.5,10,0,0,0,3.833333333,0,5.966582077,2012,5.99,"Mali"
10,10,10,10,10,10,10,8.237023762,2012,7.63,"Malta"
2.8,10,0,0,0,4.266666667,10,5.753550532,2012,5.68,"Mauritania"
10,10,10,10,10,10,10,8.366165654,2012,8.15,"Mauritius"
9.5,10,10,10,10,9.833333333,10,6.672613508,2012,6.71,"Mexico"
10,10,10,5,7.5,9.166666667,10,7.050049728,2012,6.64,"Moldova"
10,10,10,10,10,10,10,7.521696664,2012,7.02,"Mongolia"
10,10,10,10,10,10,10,7.663848975,2012,7.25,"Montenegro"
10,10,0,0,0,6.666666667,10,6.376908521,2012,6.34,"Morocco"
10,10,0,0,0,6.666666667,5,6.336044028,2012,5.93,"Mozambique"
10,10,5,10,7.5,9.166666667,5,5.050197673,2012,5,"Myanmar"
10,10,5,5,5,8.333333333,10,6.968657499,2012,6.79,"Namibia"
10,7.5,10,10,10,9.166666667,5,6.695567811,2012,6.12,"Nepal"
9.5,10,10,10,10,9.833333333,10,8.349488011,2012,7.54,"Netherlands"
10,10,10,10,10,10,10,8.784639041,2012,8.47,"New Zealand"
10,10,5,5,5,8.333333333,5,6.999313161,2012,7.36,"Nicaragua"
9.8,10,0,0,0,6.6,0,6.057667925,2012,5.55,"Niger"
7,7.5,5,0,2.5,5.666666667,0,5.72371737,2012,6.22,"Nigeria"
9.5,10,10,10,10,9.833333333,10,8.574077116,2012,7.58,"Norway"
9,7.5,0,0,0,5.5,0,6.422788156,2012,7.04,"Oman"
10,5,5,5,5,6.666666667,0,5.538477723,2012,6.15,"Pakistan"
10,10,10,10,10,10,10,7.534258243,2012,7.34,"Panama"
10,5,5,5,5,6.666666667,5,6.592902674,2012,6.91,"Pap. New Guinea"
10,10,10,10,10,10,10,7.113477065,2012,6.89,"Paraguay"
10,10,10,10,10,10,10,7.63099092,2012,7.57,"Peru"
10,10,10,10,10,10,10,7.085144176,2012,7.27,"Philippines"
10,10,10,10,10,10,10,8.115046326,2012,7.32,"Poland"
10,10,10,10,10,10,10,8.1297,2012,7.31,"Portugal"
7,0,0,0,0,2.333333333,0,6.377228222,2012,7.5,"Qatar"
10,10,10,10,10,10,10,7.996492304,2012,7.47,"Romania"
10,10,10,10,10,10,10,6.476556007,2012,6.65,"Russia"
10,10,5,5,5,8.333333333,5,6.820159195,2012,7.32,"Rwanda"
9,7.5,0,0,0,5.5,0,5.400079099,2012,6.42,"Saudi Arabia"
7.2,10,5,5,5,7.4,0,6.165521125,2012,5.9,"Senegal"
10,10,5,5,5,8.333333333,10,7.011449233,2012,6.55,"Serbia"
0.6,10,5,5,5,5.2,5,6.147112259,2012,6.27,"Sierra Leone"
10,7.5,5,5,5,7.5,10,7.901725525,2012,8.64,"Singapore"
10,10,10,10,10,10,10,8.069402361,2012,7.38,"Slovak Rep."
10,10,10,10,10,10,10,7.875984807,2012,6.84,"Slovenia"
10,10,10,10,10,10,10,7.068924316,2012,6.98,"South Africa"
9.5,10,10,10,10,9.833333333,10,8.016793658,2012,7.35,"Spain"
10,10,5,5,5,8.333333333,5,6.225721649,2012,6.73,"Sri Lanka"
10,10,5,5,5,8.333333333,10,7.131956793,2012,6.64,"Suriname"
10,10,5,0,2.5,7.5,0,5.927162308,2012,6.44,"Swaziland"
9.5,10,10,10,10,9.833333333,10,8.464092224,2012,7.48,"Sweden"
9.5,10,10,10,10,9.833333333,10,8.760105158,2012,8.2,"Switzerland"
10,5,5,5,5,6.666666667,5,4.866653428,2012,5.27,"Syria"
10,7.5,10,10,10,9.166666667,10,8.116416272,2012,7.71,"Taiwan"
10,10,10,5,7.5,9.166666667,10,6.743352196,2012,6.75,"Tajikistan"
8.5,10,0,0,0,6.166666667,5,6.580361503,2012,6.62,"Tanzania"
10,10,10,10,10,10,10,6.883352796,2012,6.58,"Thailand"
10,7.5,5,5,5,7.5,0,6.667227287,2012,6.69,"Timor-Leste"
9.4,10,5,5,5,8.133333333,0,5.415906198,2012,5.33,"Togo"
10,10,10,10,10,10,10,6.794579194,2012,6.6,"Trinidad and Tobago"
10,10,0,0,0,6.666666667,5,6.270078069,2012,6.4,"Tunisia"
9.5,10,10,10,10,9.833333333,10,7.089684984,2012,6.99,"Turkey"
9.9,10,0,0,0,6.633333333,5,6.521357849,2012,7.28,"Uganda"
10,10,10,10,10,10,10,6.926985325,2012,6.24,"Ukraine"
10,5,0,0,0,2.5,0,6.287808145,2012,7.71,"United Arab Emirates"
9.5,10,10,10,10,9.833333333,10,8.472484169,2012,7.91,"United Kingdom"
9.5,10,10,10,10,9.833333333,10,8.251223064,2012,7.88,"United States"
10,10,10,10,10,10,10,7.959078117,2012,7.34,"Uruguay"
10,10,10,10,10,10,10,5.225650396,2012,3.82,"Venezuela"
10,10,5,5,5,8.333333333,5,6.345682817,2012,6.4,"Vietnam"
6.2,7.5,0,0,0,4.566666667,0,4.775506098,2012,6.17,"Yemen, Rep."
10,10,5,10,7.5,9.166666667,5,6.883593296,2012,7.19,"Zambia"
7.53333333333333,10,5,5,5,7.5,5,5.084809744,2012,5.06,"Zimbabwe"
10,7.5,10,5,7.5,8.333333333,5,7.502044237,2011,7.24,"Albania"
10,7.5,5,5,5,7.5,0,5.211169541,2011,5.06,"Algeria"
10,10,5,5,5,8.333333333,5,5.354951097,2011,5.16,"Angola"
10,10,10,10,10,10,10,6.855326361,2011,5.58,"Argentina"
10,7.5,10,10,10,9.166666667,10,7.56033998,2011,7.71,"Armenia"
9.5,10,10,10,10,9.833333333,10,8.596250688,2011,8.01,"Australia"
9.5,10,10,10,10,9.833333333,10,8.413279904,2011,7.65,"Austria"
10,7.5,5,5,5,7.5,5,6.117849123,2011,6.15,"Azerbaijan"
10,10,10,10,10,10,10,7.631374097,2011,7.32,"Bahamas"
10,7.5,0,0,0,5.833333333,5,6.795922283,2011,7.49,"Bahrain"
10,7.5,5,5,5,7.5,5,5.978482869,2011,6.34,"Bangladesh"
10,10,10,10,10,10,10,7.329324104,2011,6.63,"Barbados"
9.5,10,10,10,10,9.833333333,10,8.225931736,2011,7.38,"Belgium"
10,10,10,10,10,10,10,7.257903639,2011,7.12,"Belize"
8.7,10,0,5,2.5,7.066666667,5,6.586640252,2011,6,"Benin"
10,10,10,10,10,10,10,6.935415823,2011,6.31,"Bolivia"
10,10,5,5,5,8.333333333,10,7.346709576,2011,6.7,"Bosnia and Herzegovina"
10,10,5,5,5,8.333333333,5,6.882127535,2011,7.22,"Botswana"
10,10,5,10,7.5,9.166666667,10,7.040544137,2011,6.45,"Brazil"
9,10,0,0,0,6.333333333,10,6.787915202,2011,6.92,"Brunei Darussalam"
10,10,10,10,10,10,10,7.864986343,2011,7.37,"Bulgaria"
2.7,10,0,0,0,4.233333333,5,6.748533581,2011,5.95,"Burkina Faso"
10,10,0,0,0,6.666666667,5,5.671812021,2011,5.23,"Burundi"
10,10,10,10,10,10,10,7.244143796,2011,6.98,"Cambodia"
9.9,10,5,5,5,8.3,5,6.079132062,2011,6.03,"Cameroon"
9.5,10,10,10,10,9.833333333,10,8.607992824,2011,7.95,"Canada"
10,10,10,10,10,10,10,7.390781152,2011,6.53,"Cape Verde"
7.4,10,5,5,5,7.466666667,0,4.969729536,2011,5.06,"Central Afr. Rep."
5.5,10,0,0,0,5.166666667,5,5.31263957,2011,4.97,"Chad"
10,10,10,10,10,10,10,8.290152327,2011,7.91,"Chile"
10,2.5,5,5,5,5.833333333,10,6.029485716,2011,6.32,"China"
10,10,10,10,10,10,5,6.674009395,2011,6.82,"Colombia"
10,10,0,10,5,8.333333333,0,5.038326861,2011,5.28,"Congo, Dem. R."
9,10,0,5,2.5,7.166666667,5,5.390013901,2011,4.48,"Congo, Rep. Of"
10,10,10,10,10,10,10,7.919854607,2011,7.57,"Costa Rica"
6.4,10,5,5,5,7.133333333,5,5.863494198,2011,5.7,"Cote d'Ivoire"
10,10,10,10,10,10,10,7.688918478,2011,6.9,"Croatia"
10,10,10,10,10,10,10,8.163659206,2011,7.67,"Cyprus"
10,10,10,10,10,10,10,8.139646955,2011,7.26,"Czech Rep."
9.5,10,10,10,10,9.833333333,10,8.592387421,2011,7.71,"Denmark"
10,10,10,10,10,10,10,7.075986664,2011,7.18,"Dominican Rep."
10,10,10,10,10,10,10,6.678048715,2011,5.88,"Ecuador"
0.9,10,0,0,0,3.633333333,0,5.735934965,2011,6.18,"Egypt"
10,10,10,10,10,10,10,6.987843915,2011,7.14,"El Salvador"
10,10,10,10,10,10,10,8.348332219,2011,7.74,"Estonia"
2.6,10,5,5,5,5.866666667,5,5.389141325,2011,5.16,"Ethiopia"
10,10,5,5,5,8.333333333,10,7.197905284,2011,7.04,"Fiji"
10,10,10,10,10,10,10,8.674685314,2011,7.87,"Finland"
9.5,10,10,10,10,9.833333333,10,8.047115842,2011,7.33,"France"
10,10,0,0,0,6.666666667,0,5.799872005,2011,5.44,"Gabon"
2.2,10,0,0,0,4.066666667,10,6.616699714,2011,7.04,"Gambia, The"
10,7.5,5,5,5,7.5,5,7.548244232,2011,7.64,"Georgia"
9.5,10,10,10,10,9.833333333,10,8.462488936,2011,7.68,"Germany"
9.6,10,5,5,5,8.2,10,7.203735662,2011,6.76,"Ghana"
10,10,10,10,10,10,10,7.708558786,2011,6.69,"Greece"
10,10,10,10,10,10,10,6.895697072,2011,7.22,"Guatemala"
5.5,10,5,0,2.5,6,10,5.935594714,2011,5.62,"Guinea-Bissau"
10,10,10,10,10,10,10,7.080848097,2011,6.31,"Guyana"
10,10,5,5,5,8.333333333,10,6.73968383,2011,6.29,"Haiti"
10,10,5,10,7.5,9.166666667,5,6.677098709,2011,7.28,"Honduras"
10,7.5,10,10,10,9.166666667,10,9.027890876,2011,8.99,"Hong Kong"
9.5,10,10,10,10,9.833333333,10,8.047762045,2011,7.38,"Hungary"
10,10,10,10,10,10,10,8.081966262,2011,6.86,"Iceland"
10,2.5,5,5,5,5.833333333,10,6.928908738,2011,6.57,"India"
10,10,5,5,5,8.333333333,5,6.939293988,2011,6.87,"Indonesia"
10,7.5,5,0,2.5,6.666666667,0,4.842482113,2011,5.63,"Iran"
10,10,10,10,10,10,10,8.445626471,2011,7.83,"Ireland"
9.5,10,10,10,10,9.833333333,10,7.642747366,2011,7.35,"Israel"
9.5,10,10,10,10,9.833333333,10,7.983160044,2011,7.22,"Italy"
10,10,10,10,10,10,5,7.000054233,2011,7,"Jamaica"
10,10,10,10,10,10,10,8.193005522,2011,7.49,"Japan"
9.5,5,0,0,0,4.833333333,10,6.840968728,2011,7.48,"Jordan"
10,10,10,10,10,10,10,6.678371471,2011,6.97,"Kazakhstan"
7.3,10,5,5,5,7.433333333,10,6.746533875,2011,6.94,"Kenya"
10,10,10,10,10,10,10,8.075037522,2011,7.52,"Korea, South"
10,5,5,0,2.5,5.833333333,0,6.578125757,2011,6.93,"Kuwait"
10,10,5,5,5,8.333333333,5,6.405152073,2011,6.62,"Kyrgyz Republic"
10,10,10,10,10,10,10,8.071350606,2011,7.34,"Latvia"
10,10,5,5,5,8.333333333,5,6.933952777,2011,7.18,"Lebanon"
5,10,5,0,2.5,5.833333333,10,6.390797986,2011,6.21,"Lesotho"
10,10,10,10,10,10,10,8.117726631,2011,7.5,"Lithuania"
10,10,10,10,10,10,10,8.342448102,2011,7.48,"Luxembourg"
10,10,10,10,10,10,10,7.730682213,2011,7.11,"Macedonia"
10,10,0,0,0,6.666666667,10,6.789096206,2011,6.21,"Madagascar"
9.5,10,10,10,10,9.833333333,5,6.993749324,2011,6.52,"Malawi"
10,10,5,5,5,8.333333333,5,6.672539674,2011,6.86,"Malaysia"
1.5,10,0,0,0,3.833333333,0,6.094369334,2011,5.92,"Mali"
10,10,10,10,10,10,10,8.337221199,2011,7.67,"Malta"
2.8,10,0,0,0,4.266666667,10,5.829615267,2011,5.78,"Mauritania"
10,10,10,10,10,10,10,8.315692151,2011,8.05,"Mauritius"
9.5,10,10,10,10,9.833333333,10,6.721786359,2011,6.68,"Mexico"
10,10,10,5,7.5,9.166666667,10,7.081986832,2011,6.7,"Moldova"
10,10,10,10,10,10,10,7.575505135,2011,7.17,"Mongolia"
10,10,10,10,10,10,10,7.644831403,2011,7.14,"Montenegro"
10,10,0,0,0,6.666666667,10,6.464544865,2011,6.47,"Morocco"
10,10,0,0,0,6.666666667,5,6.325090513,2011,5.77,"Mozambique"
10,10,5,10,7.5,9.166666667,5,4.779236149,2011,4.44,"Myanmar"
10,10,5,5,5,8.333333333,10,6.963634676,2011,6.61,"Namibia"
10,7.5,10,10,10,9.166666667,5,6.800230799,2011,6.12,"Nepal"
9.5,10,10,10,10,9.833333333,10,8.398793163,2011,7.58,"Netherlands"
10,10,10,10,10,10,10,8.791730475,2011,8.39,"New Zealand"
10,10,5,5,5,8.333333333,5,7.023952027,2011,7.31,"Nicaragua"
9.8,10,0,0,0,6.6,0,6.243409458,2011,5.8,"Niger"
7,7.5,5,0,2.5,5.666666667,0,5.84015383,2011,6.34,"Nigeria"
9.5,10,10,10,10,9.833333333,10,8.4626989,2011,7.56,"Norway"
9,7.5,0,0,0,5.5,0,6.388310825,2011,6.91,"Oman"
10,5,5,5,5,6.666666667,0,5.658577711,2011,6.23,"Pakistan"
10,10,10,10,10,10,10,7.428221737,2011,7.13,"Panama"
10,5,5,5,5,6.666666667,5,6.59441459,2011,6.83,"Pap. New Guinea"
10,10,10,10,10,10,10,7.034437082,2011,6.8,"Paraguay"
10,10,10,10,10,10,10,7.683066509,2011,7.62,"Peru"
10,10,10,10,10,10,10,7.123144305,2011,7.22,"Philippines"
10,10,10,10,10,10,10,8.169270893,2011,7.24,"Poland"
10,10,10,10,10,10,10,8.135128784,2011,7.27,"Portugal"
7,0,0,0,0,2.333333333,0,6.231096858,2011,7.23,"Qatar"
10,10,10,10,10,10,10,7.958425516,2011,7.34,"Romania"
10,10,10,10,10,10,10,6.47066875,2011,6.56,"Russia"
10,10,5,5,5,8.333333333,5,6.899931894,2011,7.45,"Rwanda"
9,7.5,0,0,0,5.5,0,5.552782832,2011,6.67,"Saudi Arabia"
7.2,10,5,5,5,7.4,0,6.179209976,2011,5.9,"Senegal"
10,10,5,5,5,8.333333333,10,7.065929706,2011,6.64,"Serbia"
0.6,10,5,5,5,5.2,5,6.0957052,2011,6.18,"Sierra Leone"
10,7.5,5,5,5,7.5,10,7.985541155,2011,8.76,"Singapore"
10,10,10,10,10,10,10,8.141521059,2011,7.48,"Slovak Rep."
10,10,10,10,10,10,10,7.850275541,2011,6.83,"Slovenia"
10,10,10,10,10,10,10,7.181898148,2011,7.12,"South Africa"
9.5,10,10,10,10,9.833333333,10,8.125421602,2011,7.45,"Spain"
10,10,5,5,5,8.333333333,5,6.359019977,2011,6.77,"Sri Lanka"
10,10,5,5,5,8.333333333,10,7.040116209,2011,6.35,"Suriname"
10,10,5,0,2.5,7.5,0,6.025906655,2011,6.58,"Swaziland"
9.5,10,10,10,10,9.833333333,10,8.506444619,2011,7.57,"Sweden"
9.5,10,10,10,10,9.833333333,10,8.777166122,2011,8.23,"Switzerland"
10,5,5,5,5,6.666666667,5,5.629267591,2011,6.18,"Syria"
10,7.5,10,10,10,9.166666667,10,8.157819488,2011,7.71,"Taiwan"
10,10,10,5,7.5,9.166666667,10,6.604089144,2011,6.39,"Tajikistan"
8.5,10,0,0,0,6.166666667,5,6.717680359,2011,6.76,"Tanzania"
10,10,10,10,10,10,10,7.006757853,2011,6.59,"Thailand"
10,7.5,5,5,5,7.5,0,6.84549069,2011,6.89,"Timor-Leste"
9.4,10,5,5,5,8.133333333,0,5.531652949,2011,5.45,"Togo"
10,10,10,10,10,10,10,6.831867514,2011,6.65,"Trinidad and Tobago"
10,10,0,0,0,6.666666667,5,6.561851091,2011,6.97,"Tunisia"
9.5,10,10,10,10,9.833333333,10,7.218772701,2011,7.03,"Turkey"
9.9,10,0,0,0,6.633333333,5,6.546112319,2011,7.26,"Uganda"
10,10,10,10,10,10,10,6.925909852,2011,6.15,"Ukraine"
10,5,0,0,0,2.5,0,6.264677712,2011,7.69,"United Arab Emirates"
9.5,10,10,10,10,9.833333333,10,8.494381097,2011,7.9,"United Kingdom"
9.5,10,10,10,10,9.833333333,10,8.2364668,2011,7.76,"United States"
10,10,10,10,10,10,10,8.041428303,2011,7.39,"Uruguay"
10,10,10,10,10,10,10,5.332457816,2011,3.91,"Venezuela"
10,10,5,5,5,8.333333333,5,6.327541583,2011,6.24,"Vietnam"
6.2,7.5,0,0,0,4.566666667,0,4.710594206,2011,6.19,"Yemen, Rep."
10,10,5,10,7.5,9.166666667,5,6.990258686,2011,7.34,"Zambia"
7.53333333333333,10,5,5,5,7.5,5,5.050735669,2011,4.93,"Zimbabwe"
10,5,10,10,10,8.333333333,10,7.553625028,2010,7.35,"Albania"
10,5,5,5,5,6.666666667,5,5.139356249,2010,5.07,"Algeria"
10,7.5,5,5,5,7.5,10,5.237694904,2010,5.3,"Angola"
10,10,10,10,10,10,10,6.885658106,2010,5.59,"Argentina"
10,10,10,10,10,10,10,7.488131598,2010,7.56,"Armenia"
9.5,10,10,10,10,9.833333333,10,8.642692871,2010,8.02,"Australia"
9.5,10,10,10,10,9.833333333,10,8.321524196,2010,7.62,"Austria"
10,10,10,10,10,10,10,6.311327694,2010,5.97,"Azerbaijan"
10,10,10,10,10,10,10,7.637068542,2010,7.38,"Bahamas"
10,5,5,5,5,6.666666667,5,6.895730392,2010,7.47,"Bahrain"
10,5,5,5,5,6.666666667,5,5.944205223,2010,6.35,"Bangladesh"
10,10,10,10,10,10,10,7.329851162,2010,6.63,"Barbados"
9.5,10,10,10,10,9.833333333,10,8.243991622,2010,7.39,"Belgium"
10,10,10,10,10,10,10,6.949657111,2010,6.52,"Belize"
8.3,10,5,5,5,7.766666667,10,6.414880992,2010,6.05,"Benin"
10,10,10,10,10,10,10,6.86715054,2010,6.35,"Bolivia"
10,10,10,10,10,10,10,7.417272729,2010,6.63,"Bosnia and Herzegovina"
10,10,5,5,5,8.333333333,10,6.909825948,2010,7.02,"Botswana"
10,10,10,10,10,10,10,7.114175201,2010,6.46,"Brazil"
9,10,0,0,0,6.333333333,10,6.723968076,2010,7.07,"Brunei Darussalam"
10,10,10,10,10,10,10,7.799512726,2010,7.3,"Bulgaria"
2.3,10,5,5,5,5.766666667,10,6.75707007,2010,5.93,"Burkina Faso"
10,10,5,5,5,8.333333333,10,5.766097892,2010,5.18,"Burundi"
10,10,10,10,10,10,10,7.413318491,2010,7.08,"Cambodia"
8,10,5,5,5,7.666666667,5,5.88926212,2010,6.08,"Cameroon"
9.5,10,10,10,10,9.833333333,10,8.640115087,2010,8.01,"Canada"
10,10,10,10,10,10,10,7.346023524,2010,6.38,"Cape Verde"
6,10,5,3.57308448927824,5,7,10,5.213756306,2010,5.04,"Central Afr. Rep."
6.4,10,5,0,0,5.466666667,10,5.569967951,2010,5.44,"Chad"
10,10,10,10,10,10,10,8.271367096,2010,7.89,"Chile"
10,0,5,5,10,6.666666667,10,5.91182201,2010,6.26,"China"
10,10,10,10,10,10,10,6.811983251,2010,6.74,"Colombia"
9.5,10,10,10,10,9.833333333,10,5.447901533,2010,5.38,"Congo, Dem. R."
9,10,5,5,5,8,10,5.702646176,2010,4.74,"Congo, Rep. Of"
10,10,10,10,10,10,10,7.682003774,2010,7.28,"Costa Rica"
5.5,10,5,0,5,6.833333333,10,5.753024902,2010,5.69,"Cote d'Ivoire"
10,10,10,10,10,10,10,7.414163499,2010,6.68,"Croatia"
10,10,10,10,10,10,10,8.334084703,2010,7.73,"Cyprus"
10,10,10,10,10,10,10,8.155990168,2010,7.22,"Czech Rep."
9.5,10,10,10,10,9.833333333,10,8.629381029,2010,7.77,"Denmark"
10,10,10,10,10,10,10,7.065832238,2010,7.16,"Dominican Rep."
10,10,10,10,10,10,10,6.640826031,2010,5.87,"Ecuador"
1,5,0,0,5,3.666666667,10,5.944259599,2010,6.35,"Egypt"
10,10,10,10,10,10,10,7.219149306,2010,7.21,"El Salvador"
10,10,10,10,10,10,10,8.44331859,2010,7.82,"Estonia"
2,10,5,5,5,5.666666667,10,5.473526401,2010,5.6,"Ethiopia"
10,10,10,10,10,10,10,7.246718223,2010,6.93,"Fiji"
10,10,10,10,10,10,10,8.645241089,2010,7.79,"Finland"
9.5,10,10,10,10,9.833333333,10,8.102085654,2010,7.42,"France"
10,10,0,0,0,6.666666667,5,5.800136555,2010,5.54,"Gabon"
3,10,5,5,5,6,10,6.408104005,2010,7.24,"Gambia, The"
10,10,10,10,10,10,10,7.818304605,2010,7.5,"Georgia"
9.5,10,10,10,10,9.833333333,10,8.348372223,2010,7.59,"Germany"
8,10,5,5,5,7.666666667,10,7.165817275,2010,6.75,"Ghana"
10,10,10,10,10,10,10,7.714738725,2010,6.81,"Greece"
10,10,10,10,10,10,10,7.211521164,2010,7.15,"Guatemala"
5,10,0,0,0,5,5,5.69052527,2010,5.05,"Guinea-Bissau"
10,10,10,10,10,10,10,6.70229469,2010,6.21,"Guyana"
10,10,5,5,5,8.333333333,10,6.61591679,2010,6.21,"Haiti"
10,10,10,10,10,10,10,6.849277146,2010,7.21,"Honduras"
10,7.5,10,10,10,9.166666667,10,9.028447907,2010,9.02,"Hong Kong"
9.5,10,10,10,10,9.833333333,10,8.096436,2010,7.31,"Hungary"
10,10,10,10,10,10,10,7.836819569,2010,6.48,"Iceland"
10,2.5,5,5,5,5.833333333,5,6.482085841,2010,6.39,"India"
9,10,5,5,5,8,5,7.006421602,2010,6.85,"Indonesia"
10,7.5,5,5,5,7.5,5,5.199502404,2010,5.91,"Iran"
10,10,10,10,10,10,10,8.369535763,2010,7.67,"Ireland"
9.5,10,10,10,10,9.833333333,10,7.898468542,2010,7.32,"Israel"
9.5,10,10,10,10,9.833333333,10,7.976212936,2010,7.19,"Italy"
10,10,10,10,10,10,10,7.097204861,2010,6.97,"Jamaica"
10,10,10,10,10,10,10,8.189865485,2010,7.59,"Japan"
9.5,5,5,5,5,6.5,5,6.692852024,2010,7.45,"Jordan"
10,10,10,10,10,10,10,6.92544927,2010,6.94,"Kazakhstan"
6,10,5,3.57308448927824,5,7,10,6.692387656,2010,6.92,"Kenya"
10,10,10,10,10,10,10,8.171659215,2010,7.51,"Korea, South"
10,5,5,5,5,6.666666667,5,6.597137368,2010,6.95,"Kuwait"
10,10,5,5,5,8.333333333,10,6.399291985,2010,6.61,"Kyrgyz Republic"
10,10,10,10,10,10,10,7.943820358,2010,7.23,"Latvia"
10,10,5,5,5,8.333333333,5,6.831532753,2010,7.21,"Lebanon"
5,10,0,0,0,5,5,5.883610486,2010,6.08,"Lesotho"
10,10,10,10,10,10,10,8.06700822,2010,7.47,"Lithuania"
10,10,10,10,10,10,10,8.366378111,2010,7.53,"Luxembourg"
10,10,5,5,5,8.333333333,10,7.547960222,2010,6.93,"Macedonia"
10,10,10,10,10,10,10,6.616477158,2010,6.41,"Madagascar"
8.2,10,5,5,5,7.733333333,5,6.770515007,2010,6.27,"Malawi"
10,10,5,5,5,8.333333333,5,6.577418071,2010,6.85,"Malaysia"
0.6,10,0,0,0,3.533333333,10,6.283035269,2010,6.04,"Mali"
10,10,10,10,10,10,10,8.31107695,2010,7.59,"Malta"
2.9,10,5,5,5,5.966666667,10,5.784328804,2010,5.77,"Mauritania"
10,10,10,10,10,10,10,8.243358111,2010,7.98,"Mauritius"
9.5,10,10,10,10,9.833333333,10,6.72392677,2010,6.67,"Mexico"
10,10,10,10,10,10,10,7.015258695,2010,6.58,"Moldova"
10,7.5,10,10,10,9.166666667,10,7.319916381,2010,7.06,"Mongolia"
10,10,10,10,10,10,10,7.769285535,2010,7.33,"Montenegro"
10,7.5,5,5,5,7.5,10,6.401966042,2010,6.41,"Morocco"
10,10,0,0,0,6.666666667,5,5.954574194,2010,5.51,"Mozambique"
10,7.5,10,10,10,9.166666667,10,5.033974751,2010,4.06,"Myanmar"
10,7.5,0,0,0,5.833333333,10,7.041205687,2010,6.84,"Namibia"
10,5,5,5,5,6.666666667,5,6.773826786,2010,6.2,"Nepal"
9.5,10,10,10,10,9.833333333,10,8.338628577,2010,7.48,"Netherlands"
10,10,10,10,10,10,10,8.879076728,2010,8.33,"New Zealand"
10,10,10,10,10,10,10,7.290495428,2010,7.18,"Nicaragua"
9.8,7.5,5,5,5,7.433333333,10,6.552164251,2010,5.91,"Niger"
8.1,7.5,5,5,5,6.866666667,5,6.000912773,2010,6.12,"Nigeria"
9.5,10,10,10,10,9.833333333,10,8.51592539,2010,7.47,"Norway"
9,5,5,5,5,6.333333333,5,6.221742299,2010,7.01,"Oman"
9.5,2.5,5,5,5,5.666666667,5,5.501967145,2010,6.17,"Pakistan"
9.5,10,10,10,10,9.75,10,7.451840015,2010,7.22,"Panama"
10,2.5,10,10,10,7.5,10,6.94566459,2010,6.87,"Pap. New Guinea"
10,10,10,10,10,10,10,7.02908407,2010,6.74,"Paraguay"
9.5,10,10,10,10,9.833333333,10,7.619558845,2010,7.64,"Peru"
10,10,10,10,10,10,10,7.184964619,2010,7.05,"Philippines"
10,10,10,10,10,10,10,8.024837508,2010,7.12,"Poland"
10,10,10,10,10,10,10,7.99985023,2010,7,"Portugal"
7,0,0,0,0,2.333333333,0,6.155398065,2010,7.35,"Qatar"
10,10,10,10,10,10,10,8.024764965,2010,7.3,"Romania"
10,10,10,10,10,10,10,6.516866748,2010,6.54,"Russia"
10,10,5,5,5,8.333333333,10,6.97027171,2010,7.23,"Rwanda"
9,5,5,3.71400072388551,5,6.333333333,0,5.658029989,2010,6.71,"Saudi Arabia"
7.2,10,5,5,5,7.4,10,6.205384819,2010,5.95,"Senegal"
10,10,5,5,5,8.333333333,10,7.144191366,2010,6.56,"Serbia"
1.5,10,0,0,0,3.833333333,10,6.347625502,2010,6.22,"Sierra Leone"
10,10,10,10,10,10,10,8.10271966,2010,8.76,"Singapore"
10,10,10,10,10,10,10,8.123184852,2010,7.47,"Slovak Rep."
10,10,10,10,10,10,10,7.720019452,2010,6.82,"Slovenia"
10,10,0,0,0,6.666666667,5,6.924080688,2010,7.05,"South Africa"
9.5,10,10,10,10,9.833333333,10,8.24620003,2010,7.32,"Spain"
10,10,5,5,5,8.333333333,10,6.60032485,2010,6.63,"Sri Lanka"
10,10,5,5,5,8.333333333,10,7.246088431,2010,6.64,"Suriname"
10,10,5,5,5,8.333333333,5,6.131358044,2010,6.41,"Swaziland"
9.5,10,10,10,10,9.833333333,10,8.50930254,2010,7.58,"Sweden"
9.5,10,10,10,10,9.833333333,10,8.818141443,2010,8.3,"Switzerland"
10,5,5,5,5,6.666666667,10,5.554295962,2010,5.96,"Syria"
10,5,5,5,5,6.666666667,10,7.997453391,2010,7.7,"Taiwan"
10,10,5,5,5,8.333333333,10,6.907634147,2010,6.28,"Tajikistan"
8.5,10,5,5,5,7.833333333,10,6.589585152,2010,6.7,"Tanzania"
10,10,10,10,10,10,10,7.199052729,2010,6.65,"Thailand"
10,7.5,5,5,5,7.5,10,6.743546245,2010,6,"Timor-Leste"
8.8,10,0,0,0,6.266666667,10,5.67489369,2010,5.55,"Togo"
10,7.5,5,5,5,7.5,10,6.725200847,2010,6.61,"Trinidad and Tobago"
10,7.5,5,5,5,7.5,10,6.088739601,2010,6.49,"Tunisia"
9.5,10,10,10,10,9.833333333,10,6.991000084,2010,6.83,"Turkey"
9.5,10,0,0,0,6.5,5,6.523093745,2010,7.44,"Uganda"
10,10,10,10,10,10,10,6.798132026,2010,5.9,"Ukraine"
7,5,5,5,5,5.666666667,5,6.71088474,2010,7.56,"United Arab Emirates"
9.5,10,10,10,10,9.833333333,10,8.451403071,2010,7.89,"United Kingdom"
9.5,10,10,10,10,9.833333333,10,8.260846041,2010,7.81,"United States"
10,10,10,10,10,10,10,8.073787564,2010,7.33,"Uruguay"
10,10,10,10,10,10,10,5.156619048,2010,3.96,"Venezuela"
10,10,10,10,10,10,10,6.504935553,2010,6.33,"Vietnam"
10,5,5,5,5,6.666666667,5,5.425224246,2010,6.12,"Yemen, Rep."
10,10,0,0,0,6.666666667,10,6.718691464,2010,7.35,"Zambia"
9.5,10,5,5,5,8.166666667,5,4.909414793,2010,4.46,"Zimbabwe"
10,5,10,10,10,8.333333333,10,7.585133596,2009,7.31,"Albania"
10,5,5,5,5,6.666666667,5,5.159940635,2009,5.18,"Algeria"
10,7.5,5,5,5,7.5,10,5.206897575,2009,5.14,"Angola"
10,10,10,10,10,10,10,6.997731123,2009,5.82,"Argentina"
10,10,10,10,10,10,10,7.47916104,2009,7.55,"Armenia"
9.5,10,10,10,10,9.833333333,10,8.630312773,2009,7.97,"Australia"
9.5,10,10,10,10,9.833333333,10,8.345880617,2009,7.66,"Austria"
10,10,10,10,10,10,10,6.176735583,2009,6.06,"Azerbaijan"
10,10,10,10,10,10,10,7.745257644,2009,7.49,"Bahamas"
10,5,5,5,5,6.666666667,5,7.020660561,2009,7.29,"Bahrain"
10,5,5,5,5,6.666666667,5,5.916510685,2009,6.3,"Bangladesh"
10,10,10,10,10,10,10,7.369415048,2009,6.56,"Barbados"
9.5,10,10,10,10,9.833333333,10,8.195431758,2009,7.28,"Belgium"
10,10,10,10,10,10,10,7.214674472,2009,7.07,"Belize"
8.3,10,5,5,5,7.766666667,10,6.486473585,2009,6.1,"Benin"
10,10,10,10,10,10,10,6.920340044,2009,6.3,"Bolivia"
10,10,10,10,10,10,10,7.393293952,2009,6.56,"Bosnia and Herzegovina"
10,10,5,5,5,8.333333333,10,6.799034323,2009,6.76,"Botswana"
10,10,10,10,10,10,10,6.995548966,2009,6.24,"Brazil"
10,10,10,10,10,10,10,7.848102367,2009,7.29,"Bulgaria"
2.3,10,5,5,5,5.766666667,10,6.666082374,2009,5.9,"Burkina Faso"
10,10,5,5,5,8.333333333,10,6.117209219,2009,5.43,"Burundi"
8,10,5,5,5,7.666666667,5,5.79377628,2009,5.85,"Cameroon"
9.5,10,10,10,10,9.833333333,10,8.638999354,2009,8.01,"Canada"
6,10,5,3.57308448927824,5,7,10,5.405057834,2009,5.2,"Central Afr. Rep."
6.4,10,5,0,0,5.466666667,10,5.352743427,2009,5.16,"Chad"
10,10,10,10,10,10,10,8.249135968,2009,7.87,"Chile"
10,0,5,5,10,6.666666667,10,5.937936265,2009,6.31,"China"
10,10,10,10,10,10,10,6.747571684,2009,6.7,"Colombia"
9.5,10,10,10,10,9.833333333,10,5.444295478,2009,5.28,"Congo, Dem. R."
9,10,5,5,5,8,10,5.64990279,2009,4.9,"Congo, Rep. Of"
10,10,10,10,10,10,10,7.817826325,2009,7.37,"Costa Rica"
5.5,10,5,0,5,6.833333333,10,5.794556957,2009,5.69,"Cote d'Ivoire"
10,10,10,10,10,10,10,7.594676647,2009,6.78,"Croatia"
10,10,10,10,10,10,10,8.345637657,2009,7.77,"Cyprus"
10,10,10,10,10,10,10,8.161824436,2009,7.17,"Czech Rep."
9.5,10,10,10,10,9.833333333,10,8.572328379,2009,7.66,"Denmark"
10,10,10,10,10,10,10,6.994194333,2009,6.95,"Dominican Rep."
10,10,10,10,10,10,10,6.64996875,2009,5.92,"Ecuador"
1,5,0,0,5,3.666666667,10,5.880784987,2009,6.21,"Egypt"
10,10,10,10,10,10,10,7.161024306,2009,7.4,"El Salvador"
10,10,10,10,10,10,10,8.378999516,2009,7.7,"Estonia"
2,10,5,5,5,5.666666667,10,5.498212187,2009,5.78,"Ethiopia"
10,10,10,10,10,10,10,7.318470927,2009,7.08,"Fiji"
10,10,10,10,10,10,10,8.610269069,2009,7.71,"Finland"
9.5,10,10,10,10,9.833333333,10,8.21487322,2009,7.43,"France"
10,10,0,0,0,6.666666667,5,5.942305867,2009,5.8,"Gabon"
10,10,10,10,10,10,10,7.777713207,2009,7.41,"Georgia"
9.5,10,10,10,10,9.833333333,10,8.34638437,2009,7.55,"Germany"
8,10,5,5,5,7.666666667,10,7.249368136,2009,6.87,"Ghana"
10,10,10,10,10,10,10,7.863461447,2009,6.96,"Greece"
10,10,10,10,10,10,10,7.167473545,2009,7.15,"Guatemala"
5,10,0,0,0,5,5,5.825760683,2009,5.19,"Guinea-Bissau"
10,10,10,10,10,10,10,6.832992074,2009,6.33,"Guyana"
10,10,5,5,5,8.333333333,10,6.9318852,2009,6.79,"Haiti"
10,10,10,10,10,10,10,6.858298937,2009,7.16,"Honduras"
10,7.5,10,10,10,9.166666667,10,9.052653088,2009,9.09,"Hong Kong"
9.5,10,10,10,10,9.833333333,10,8.084371354,2009,7.27,"Hungary"
10,10,10,10,10,10,10,8.072751354,2009,6.9,"Iceland"
10,2.5,5,5,5,5.833333333,5,6.490823625,2009,6.39,"India"
9,10,5,5,5,8,5,6.874152216,2009,6.55,"Indonesia"
10,7.5,5,5,5,7.5,5,5.131931145,2009,5.91,"Iran"
10,10,10,10,10,10,10,8.402759288,2009,7.76,"Ireland"
9.5,10,10,10,10,9.833333333,10,7.495602988,2009,7.14,"Israel"
9.5,10,10,10,10,9.833333333,10,7.881115021,2009,6.97,"Italy"
10,10,10,10,10,10,10,7.277135417,2009,7.26,"Jamaica"
10,10,10,10,10,10,10,8.191371714,2009,7.52,"Japan"
9.5,5,5,5,5,6.5,5,6.624606493,2009,7.23,"Jordan"
10,10,10,10,10,10,10,6.919061669,2009,7.07,"Kazakhstan"
6,10,5,3.57308448927824,5,7,10,6.660161611,2009,6.9,"Kenya"
10,10,10,10,10,10,10,8.051751808,2009,7.35,"Korea, South"
10,5,5,5,5,6.666666667,5,6.683036528,2009,7.1,"Kuwait"
10,10,5,5,5,8.333333333,10,6.775686063,2009,6.91,"Kyrgyz Republic"
10,10,10,10,10,10,10,7.890817675,2009,7.33,"Latvia"
5,10,0,0,0,5,5,5.867638264,2009,6.03,"Lesotho"
10,10,10,10,10,10,10,8.121203698,2009,7.55,"Lithuania"
10,10,10,10,10,10,10,8.246273578,2009,7.51,"Luxembourg"
10,10,5,5,5,8.333333333,10,7.48386637,2009,6.89,"Macedonia"
10,10,10,10,10,10,10,6.549999467,2009,6.28,"Madagascar"
8.2,10,5,5,5,7.733333333,5,6.778147186,2009,6.22,"Malawi"
10,10,5,5,5,8.333333333,5,6.574382912,2009,6.6,"Malaysia"
0.6,10,0,0,0,3.533333333,10,6.185010122,2009,6.04,"Mali"
10,10,10,10,10,10,10,8.360116093,2009,7.64,"Malta"
2.9,10,5,5,5,5.966666667,10,5.954854683,2009,6.04,"Mauritania"
10,10,10,10,10,10,10,8.105452487,2009,7.85,"Mauritius"
9.5,10,10,10,10,9.833333333,10,6.832680088,2009,6.53,"Mexico"
10,10,10,10,10,10,10,7.19384373,2009,6.66,"Moldova"
10,7.5,10,10,10,9.166666667,10,7.295919861,2009,7.03,"Mongolia"
10,10,10,10,10,10,10,7.580152112,2009,7.16,"Montenegro"
10,7.5,5,5,5,7.5,10,6.361933327,2009,6.26,"Morocco"
10,10,0,0,0,6.666666667,5,5.856997369,2009,5.47,"Mozambique"
10,7.5,10,10,10,9.166666667,10,5.3612473,2009,4.22,"Myanmar"
10,7.5,0,0,0,5.833333333,10,7.058721039,2009,6.93,"Namibia"
10,5,5,5,5,6.666666667,5,6.713549295,2009,5.86,"Nepal"
9.5,10,10,10,10,9.833333333,10,8.331244474,2009,7.44,"Netherlands"
10,10,10,10,10,10,10,8.797717026,2009,8.27,"New Zealand"
10,10,10,10,10,10,10,7.199153764,2009,7.09,"Nicaragua"
9.8,7.5,5,5,5,7.433333333,10,6.375930539,2009,5.7,"Niger"
8.1,7.5,5,5,5,6.866666667,5,5.889429496,2009,5.89,"Nigeria"
9.5,10,10,10,10,9.833333333,10,8.460101009,2009,7.5,"Norway"
9,5,5,5,5,6.333333333,5,6.357652624,2009,7.13,"Oman"
9.5,2.5,5,5,5,5.666666667,5,5.595221297,2009,6.12,"Pakistan"
9.5,10,10,10,10,9.75,10,7.518631533,2009,7.25,"Panama"
10,2.5,10,10,10,7.5,10,6.804918062,2009,6.83,"Pap. New Guinea"
10,10,10,10,10,10,10,6.850076434,2009,6.56,"Paraguay"
9.5,10,10,10,10,9.833333333,10,7.541654729,2009,7.51,"Peru"
10,10,10,10,10,10,10,6.950193747,2009,6.66,"Philippines"
10,10,10,10,10,10,10,8.075007574,2009,7.16,"Poland"
10,10,10,10,10,10,10,8.015403484,2009,7.17,"Portugal"
10,10,10,10,10,10,10,8.059244209,2009,7.45,"Romania"
10,10,10,10,10,10,10,6.447556416,2009,6.43,"Russia"
10,10,5,5,5,8.333333333,10,7.23220888,2009,6.89,"Rwanda"
7.2,10,5,5,5,7.4,10,6.333262374,2009,6.05,"Senegal"
10,10,5,5,5,8.333333333,10,7.229333061,2009,6.58,"Serbia"
1.5,10,0,0,0,3.833333333,10,6.27717527,2009,6.18,"Sierra Leone"
10,10,10,10,10,10,10,8.194760583,2009,8.77,"Singapore"
10,10,10,10,10,10,10,8.118595638,2009,7.42,"Slovak Rep."
10,10,10,10,10,10,10,7.826199123,2009,7.02,"Slovenia"
10,10,0,0,0,6.666666667,5,6.813115079,2009,6.82,"South Africa"
9.5,10,10,10,10,9.833333333,10,8.101026464,2009,7.27,"Spain"
10,10,5,5,5,8.333333333,10,6.132485933,2009,6.35,"Sri Lanka"
9.5,10,10,10,10,9.833333333,10,8.415915654,2009,7.39,"Sweden"
9.5,10,10,10,10,9.833333333,10,8.792258292,2009,8.26,"Switzerland"
10,5,5,5,5,6.666666667,10,5.52959379,2009,5.79,"Syria"
10,5,5,5,5,6.666666667,10,7.813038464,2009,7.39,"Taiwan"
8.5,10,5,5,5,7.833333333,10,6.437958167,2009,6.42,"Tanzania"
10,10,10,10,10,10,10,7.262806637,2009,6.69,"Thailand"
8.8,10,0,0,0,6.266666667,10,5.681883108,2009,5.57,"Togo"
10,7.5,5,5,5,7.5,10,6.764905708,2009,6.61,"Trinidad and Tobago"
10,7.5,5,5,5,7.5,10,6.265172127,2009,6.71,"Tunisia"
9.5,10,10,10,10,9.833333333,10,6.963672426,2009,6.79,"Turkey"
9.5,10,0,0,0,6.5,5,6.410308511,2009,7.36,"Uganda"
10,10,10,10,10,10,10,6.830998187,2009,5.89,"Ukraine"
7,5,5,5,5,5.666666667,5,6.481551407,2009,7.4,"United Arab Emirates"
9.5,10,10,10,10,9.833333333,10,8.590176723,2009,8.08,"United Kingdom"
9.5,10,10,10,10,9.833333333,10,8.260843887,2009,7.95,"United States"
10,10,10,10,10,10,10,7.925409303,2009,7.05,"Uruguay"
10,10,10,10,10,10,10,5.283514408,2009,4.36,"Venezuela"
10,10,10,10,10,10,10,6.565151297,2009,6.45,"Vietnam"
10,10,0,0,0,6.666666667,10,6.620113589,2009,7.13,"Zambia"
9.5,10,5,5,5,8.166666667,5,4.92767343,2009,4.5,"Zimbabwe"
10,5,10,10,10,8.333333333,10,7.498848866,2008,7.22,"Albania"
10,5,5,5,5,6.666666667,5,5.153065376,2008,5.16,"Algeria"
10,7.5,5,5,5,7.5,10,4.823527817,2008,4.41,"Angola"
10,10,10,10,10,10,10,7.035120011,2008,5.88,"Argentina"
10,10,10,10,10,10,10,7.455280489,2008,7.59,"Armenia"
9.5,10,10,10,10,9.833333333,10,8.686020243,2008,8.08,"Australia"
9.5,10,10,10,10,9.833333333,10,8.363703418,2008,7.7,"Austria"
10,10,10,10,10,10,10,6.371672233,2008,6.15,"Azerbaijan"
10,10,10,10,10,10,10,7.863355202,2008,7.58,"Bahamas"
10,5,5,5,5,6.666666667,5,7.100119108,2008,7.42,"Bahrain"
10,5,5,5,5,6.666666667,5,5.798135907,2008,6.07,"Bangladesh"
10,10,10,10,10,10,10,7.177507535,2008,6.22,"Barbados"
9.5,10,10,10,10,9.833333333,10,8.182085856,2008,7.3,"Belgium"
10,10,10,10,10,10,10,7.335334194,2008,7.32,"Belize"
8.3,10,5,5,5,7.766666667,10,6.490137606,2008,5.99,"Benin"
10,10,10,10,10,10,10,6.728644654,2008,6.09,"Bolivia"
10,10,10,10,10,10,10,7.282437587,2008,6.56,"Bosnia and Herzegovina"
10,10,5,5,5,8.333333333,10,6.83582588,2008,6.85,"Botswana"
10,10,10,10,10,10,10,7.014409184,2008,6.31,"Brazil"
10,10,10,10,10,10,10,7.706452048,2008,7.17,"Bulgaria"
2.3,10,5,5,5,5.766666667,10,6.759230665,2008,5.95,"Burkina Faso"
10,10,5,5,5,8.333333333,10,5.646142692,2008,5.01,"Burundi"
8,10,5,5,5,7.666666667,5,5.687288974,2008,5.57,"Cameroon"
9.5,10,10,10,10,9.833333333,10,8.653001565,2008,8.04,"Canada"
6,10,5,3.57308448927824,5,7,10,5.481581758,2008,5.18,"Central Afr. Rep."
6.4,10,5,0,0,5.466666667,10,5.212512011,2008,4.84,"Chad"
10,10,10,10,10,10,10,8.227215073,2008,7.8,"Chile"
10,0,5,5,10,6.666666667,10,5.995643776,2008,6.27,"China"
10,10,10,10,10,10,10,6.762603689,2008,6.6,"Colombia"
9.5,10,10,10,10,9.833333333,10,5.351843053,2008,5.16,"Congo, Dem. R."
9,10,5,5,5,8,10,5.630318134,2008,4.69,"Congo, Rep. Of"
10,10,10,10,10,10,10,7.83294432,2008,7.37,"Costa Rica"
5.5,10,5,0,5,6.833333333,10,5.696570823,2008,5.5,"Cote d'Ivoire"
10,10,10,10,10,10,10,7.398385027,2008,6.72,"Croatia"
10,10,10,10,10,10,10,8.344051603,2008,7.74,"Cyprus"
10,10,10,10,10,10,10,8.170668411,2008,7.21,"Czech Rep."
9.5,10,10,10,10,9.833333333,10,8.68717383,2008,7.88,"Denmark"
10,10,10,10,10,10,10,6.669026834,2008,6.46,"Dominican Rep."
10,10,10,10,10,10,10,6.718054452,2008,6.02,"Ecuador"
1,5,0,0,5,3.666666667,10,6.004860002,2008,6.43,"Egypt"
10,10,10,10,10,10,10,7.399236111,2008,7.53,"El Salvador"
10,10,10,10,10,10,10,8.404652043,2008,7.77,"Estonia"
2,10,5,5,5,5.666666667,10,5.358854649,2008,5.35,"Ethiopia"
10,10,10,10,10,10,10,7.523307205,2008,7.26,"Fiji"
10,10,10,10,10,10,10,8.653870745,2008,7.81,"Finland"
9.5,10,10,10,10,9.833333333,10,8.194982519,2008,7.42,"France"
10,10,0,0,0,6.666666667,5,5.895043962,2008,5.85,"Gabon"
10,10,10,10,10,10,10,7.556304258,2008,7.57,"Georgia"
9.5,10,10,10,10,9.833333333,10,8.322049372,2008,7.5,"Germany"
8,10,5,5,5,7.666666667,10,7.213843153,2008,6.82,"Ghana"
10,10,10,10,10,10,10,7.935508771,2008,7.1,"Greece"
10,10,10,10,10,10,10,7.199325397,2008,7.21,"Guatemala"
5,10,0,0,0,5,5,5.69349402,2008,4.81,"Guinea-Bissau"
10,10,10,10,10,10,10,6.677489081,2008,6.4,"Guyana"
10,10,5,5,5,8.333333333,10,6.941049235,2008,6.76,"Haiti"
10,10,10,10,10,10,10,7.005012595,2008,7.28,"Honduras"
10,7.5,10,10,10,9.166666667,10,9.126312939,2008,9.19,"Hong Kong"
9.5,10,10,10,10,9.833333333,10,8.04740465,2008,7.2,"Hungary"
10,10,10,10,10,10,10,8.277247882,2008,7.34,"Iceland"
10,2.5,5,5,5,5.833333333,5,6.519947487,2008,6.47,"India"
9,10,5,5,5,8,5,6.78741383,2008,6.39,"Indonesia"
10,7.5,5,5,5,7.5,5,5.4711242,2008,6.06,"Iran"
10,10,10,10,10,10,10,8.464583235,2008,7.87,"Ireland"
9.5,10,10,10,10,9.833333333,10,7.395273675,2008,7.2,"Israel"
9.5,10,10,10,10,9.833333333,10,7.931940466,2008,7.07,"Italy"
10,10,10,10,10,10,10,7.278020833,2008,7.27,"Jamaica"
10,10,10,10,10,10,10,8.239303911,2008,7.65,"Japan"
9.5,5,5,5,5,6.5,5,6.559812143,2008,7.17,"Jordan"
10,10,10,10,10,10,10,6.954439429,2008,7.04,"Kazakhstan"
6,10,5,3.57308448927824,5,7,10,6.617297678,2008,6.77,"Kenya"
10,10,10,10,10,10,10,8.149323236,2008,7.46,"Korea, South"
10,5,5,5,5,6.666666667,5,6.593605143,2008,7.03,"Kuwait"
10,10,5,5,5,8.333333333,10,6.801020059,2008,6.82,"Kyrgyz Republic"
10,10,10,10,10,10,10,8.082147484,2008,7.52,"Latvia"
5,10,0,0,0,5,5,5.953610486,2008,6.07,"Lesotho"
10,10,10,10,10,10,10,8.01018155,2008,7.44,"Lithuania"
10,10,10,10,10,10,10,8.364242944,2008,7.62,"Luxembourg"
10,10,5,5,5,8.333333333,10,7.533718326,2008,6.83,"Macedonia"
10,10,10,10,10,10,10,6.55572319,2008,6.07,"Madagascar"
8.2,10,5,5,5,7.733333333,5,6.72177225,2008,6.17,"Malawi"
10,10,5,5,5,8.333333333,5,6.453140393,2008,6.61,"Malaysia"
0.6,10,0,0,0,3.533333333,10,6.093562166,2008,5.89,"Mali"
10,10,10,10,10,10,10,8.312908122,2008,7.59,"Malta"
2.9,10,5,5,5,5.966666667,10,5.895358395,2008,5.98,"Mauritania"
10,10,10,10,10,10,10,8.214829659,2008,7.96,"Mauritius"
9.5,10,10,10,10,9.833333333,10,6.923600178,2008,6.66,"Mexico"
10,10,10,10,10,10,10,7.208984756,2008,6.91,"Moldova"
10,7.5,10,10,10,9.166666667,10,7.145358771,2008,6.73,"Mongolia"
10,10,10,10,10,10,10,7.669558421,2008,7.19,"Montenegro"
10,7.5,5,5,5,7.5,10,6.291418298,2008,6.22,"Morocco"
10,10,0,0,0,6.666666667,5,6.031946263,2008,5.67,"Mozambique"
10,7.5,10,10,10,9.166666667,10,4.955303209,2008,3.86,"Myanmar"
10,7.5,0,0,0,5.833333333,10,7.004980106,2008,6.83,"Namibia"
10,5,5,5,5,6.666666667,5,6.713672704,2008,6.03,"Nepal"
9.5,10,10,10,10,9.833333333,10,8.410510546,2008,7.58,"Netherlands"
10,10,10,10,10,10,10,8.910542465,2008,8.4,"New Zealand"
10,10,10,10,10,10,10,7.263152612,2008,7.12,"Nicaragua"
9.8,7.5,5,5,5,7.433333333,10,6.172414624,2008,5.39,"Niger"
8.1,7.5,5,5,5,6.866666667,5,6.151358657,2008,6.03,"Nigeria"
9.5,10,10,10,10,9.833333333,10,8.592142222,2008,7.63,"Norway"
9,5,5,5,5,6.333333333,5,6.467042559,2008,7.08,"Oman"
9.5,2.5,5,5,5,5.666666667,5,5.401850448,2008,5.97,"Pakistan"
9.5,10,10,10,10,9.75,10,7.494156231,2008,7.24,"Panama"
10,2.5,10,10,10,7.5,10,6.914067368,2008,6.77,"Pap. New Guinea"
10,10,10,10,10,10,10,6.900825415,2008,6.5,"Paraguay"
9.5,10,10,10,10,9.833333333,10,7.497498458,2008,7.5,"Peru"
10,10,10,10,10,10,10,7.055628658,2008,6.72,"Philippines"
10,10,10,10,10,10,10,7.976932519,2008,7,"Poland"
10,10,10,10,10,10,10,8.098138186,2008,7.21,"Portugal"
10,10,10,10,10,10,10,8.028976623,2008,7.32,"Romania"
10,10,10,10,10,10,10,6.525689053,2008,6.52,"Russia"
10,10,5,5,5,8.333333333,10,6.949574622,2008,6.75,"Rwanda"
7.2,10,5,5,5,7.4,10,6.198871486,2008,5.87,"Senegal"
10,10,5,5,5,8.333333333,10,7.232640781,2008,6.55,"Serbia"
1.5,10,0,0,0,3.833333333,10,6.2351383,2008,5.98,"Sierra Leone"
10,10,10,10,10,10,10,8.179720573,2008,8.92,"Singapore"
10,10,10,10,10,10,10,8.233432487,2008,7.6,"Slovak Rep."
10,10,10,10,10,10,10,7.825762378,2008,7.01,"Slovenia"
10,10,0,0,0,6.666666667,5,6.762374339,2008,6.72,"South Africa"
9.5,10,10,10,10,9.833333333,10,8.247249224,2008,7.37,"Spain"
10,10,5,5,5,8.333333333,10,5.860377495,2008,6.26,"Sri Lanka"
9.5,10,10,10,10,9.833333333,10,8.452347112,2008,7.4,"Sweden"
9.5,10,10,10,10,9.833333333,10,8.77443651,2008,8.24,"Switzerland"
10,5,5,5,5,6.666666667,10,5.457515592,2008,5.62,"Syria"
10,5,5,5,5,6.666666667,10,7.792327162,2008,7.49,"Taiwan"
8.5,10,5,5,5,7.833333333,10,6.338606,2008,6.2,"Tanzania"
10,10,10,10,10,10,10,7.274282546,2008,6.8,"Thailand"
8.8,10,0,0,0,6.266666667,10,5.76336459,2008,5.67,"Togo"
10,7.5,5,5,5,7.5,10,6.805600153,2008,6.74,"Trinidad and Tobago"
10,7.5,5,5,5,7.5,10,6.249057983,2008,6.68,"Tunisia"
9.5,10,10,10,10,9.833333333,10,6.918408798,2008,6.86,"Turkey"
9.5,10,0,0,0,6.5,5,6.495271027,2008,7.21,"Uganda"
10,10,10,10,10,10,10,6.798697378,2008,5.87,"Ukraine"
7,5,5,5,5,5.666666667,5,6.784866222,2008,7.68,"United Arab Emirates"
9.5,10,10,10,10,9.833333333,10,8.536420793,2008,7.99,"United Kingdom"
9.5,10,10,10,10,9.833333333,10,8.448265468,2008,8.17,"United States"
10,10,10,10,10,10,10,7.94784663,2008,7.12,"Uruguay"
10,10,10,10,10,10,10,5.257879328,2008,4.22,"Venezuela"
10,10,10,10,10,10,10,6.420206308,2008,6.19,"Vietnam"
10,10,0,0,0,6.666666667,10,6.647724406,2008,7.15,"Zambia"
9.5,10,5,5,5,8.166666667,5,4.935570731,2008,4.55,"Zimbabwe"
